,Test Y,Model Predictions
0,63,50.34207
1,2,0.955295
2,3,4.682436
3,0,4.9254327
4,3,5.0493984
5,0,0.69840103
6,0,1.1664984
7,1,0.56962335
8,1,0.6799031
9,0,0.56057274
10,2,1.302693
11,2,1.5683079
12,0,0.9675537
13,0,0.6834573
14,1,1.4988828
15,0,1.4939572
16,1,1.8957598
17,1,1.0703313
18,1,1.5833342
19,1,1.2031968
20,0,1.2850974
21,0,1.3030748
22,1,1.1356721
23,0,1.2861187
24,0,2.2079873
25,0,1.3711615
26,0,0.91501355
27,2,1.7874047
28,3,2.2412486
29,0,1.8775952
30,0,1.6841424
31,1,1.6547377
32,1,2.9695694
33,1,2.902431
34,0,2.7966156
35,3,4.418903
36,0,2.0552921
37,3,2.6721458
38,0,1.3093987
39,1,1.6114349
40,0,1.7043142
41,3,3.241284
42,3,3.2024193
43,0,1.7867053
44,2,2.771914
45,0,2.1058302
46,0,1.4875469
47,0,1.7995992
48,0,3.1607208
49,0,1.8715142
50,3,3.3675356
51,2,2.516933
52,0,1.4802997
53,2,2.9136355
54,0,1.3396549
55,0,1.1827406
56,0,2.3132946
57,0,1.3320785
58,1,2.1983411
59,0,1.2956023
60,1,2.4686685
61,1,1.7941613
62,2,2.535936
63,0,0.54794633
64,0,0.6816137
65,0,0.8677716
66,1,1.1455961
67,3,1.3531914
68,1,0.5701574
69,4,3.8898935
70,0,0.58129996
71,1,1.2289938
72,1,1.1819756
73,2,1.625561
74,4,2.2158422
75,0,1.2512487
76,2,5.6785192
77,0,1.5381842
78,1,1.1973987
79,0,2.0989027
80,2,1.9820262
81,6,1.9089789
82,1,2.1468782
83,0,3.8469434
84,3,1.1134262
85,0,1.5056399
86,0,2.0239868
87,2,2.02171
88,1,1.6247426
89,0,2.9313598
90,3,5.1069584
91,0,3.148975
92,0,4.1157713
93,3,3.322825
94,0,0.95850074
95,0,4.273562
96,0,4.4559026
97,0,5.892661
98,0,4.9212976
99,1,2.5918493
100,0,1.7502526
101,2,2.740397
102,1,3.9610114
103,0,4.4408803
104,1,2.001215
105,0,4.5586224
106,2,1.668698
107,0,3.3890707
108,0,3.074281
109,0,4.617307
110,0,1.1757996
111,0,2.3442068
112,0,2.7287378
113,0,3.0205479
114,0,2.1534066
115,0,0.8608686
116,2,0.93448555
117,3,4.7393937
118,0,0.7925677
119,0,0.89777404
120,1,0.842858
121,1,0.7916939
122,0,0.8005694
123,1,0.7360255
124,0,1.0987855
125,0,1.5405941
126,0,0.6413245
127,0,0.78052133
128,1,1.7383485
129,1,1.7728143
130,1,0.6965868
131,1,1.8972592
132,1,0.70972127
133,0,0.8541393
134,1,1.6131434
135,0,0.754102
136,0,0.8517239
137,1,0.767786
138,2,4.301991
139,1,1.2277237
140,8,7.8640084
141,1,0.8195729
142,3,5.393432
143,0,0.7558253
144,1,2.6473997
145,0,1.343663
146,0,1.0266241
147,0,0.8972856
148,0,0.75972134
149,0,0.8141571
150,1,2.3989797
151,2,0.90793455
152,2,2.2979488
153,0,1.1575466
154,1,0.0
155,1,1.8127894
156,6,4.362996
157,0,1.0192767
158,3,0.80786204
159,2,0.43208194
160,1,0.2367146
161,2,4.715896
162,1,1.3578775
163,0,0.52184385
164,1,0.43456113
165,3,4.1032386
166,7,3.0142212
167,0,0.71984863
168,0,0.4512161
169,1,3.7621489
170,1,2.4521313
171,1,6.963411
172,3,3.9497457
173,3,3.7955437
174,1,1.882576
175,1,1.7567866
176,1,2.4299679
177,1,0.3937887
178,1,3.0192895
179,1,0.5253806
180,1,0.50497484
181,1,0.6157361
182,0,1.0719455
183,0,5.1182513
184,1,1.2199444
185,2,3.74781
186,14,16.982859
187,154,120.478165
188,2,1.8440146
189,9,5.29167
190,1,2.0786502
191,2,3.3836136
192,0,1.6260862
193,3,1.1265314
194,0,0.7998155
195,1,1.5159028
196,1,1.0663512
197,0,1.353159
198,0,1.2243342
199,0,1.0484278
200,0,0.72548157
201,0,1.0690763
202,1,1.2925816
203,0,1.0120728
204,0,0.7006862
205,1,1.4440336
206,3,3.0317729
207,0,1.2131269
208,0,0.83400035
209,14,7.0352507
210,6,4.3070765
211,0,1.2691295
212,1,0.98840034
213,0,0.76797503
214,1,0.6599869
215,2,2.4163995
216,0,0.6217626
217,0,1.3270054
218,1,1.1775346
219,1,0.58392763
220,0,0.656896
221,0,0.6268631
222,0,1.7315917
223,0,0.60907125
224,2,1.3937178
225,0,0.7506798
226,4,3.0726109
227,0,0.734151
228,0,2.071275
229,0,0.5143777
230,0,0.6098547
231,6,4.7076654
232,0,1.0030763
233,0,0.8048868
234,1,0.74844337
235,1,1.5804758
236,1,1.1402259
237,0,1.1221578
238,1,1.0451317
239,1,1.8493509
240,0,0.81585604
241,1,0.8869314
242,0,1.1562842
243,4,1.2815804
244,0,1.0820453
245,1,1.3649724
246,1,1.6291196
247,0,0.099045396
248,0,0.12646556
249,0,0.17984879
250,2,0.04117608
251,0,0.07065785
252,0,0.0
253,4,2.8199363
254,0,0.0
255,9,5.819876
256,1,0.0
257,1,1.1971611
258,0,0.8647164
259,0,0.0
260,0,0.03822422
261,2,0.31455147
262,0,0.16898823
263,0,0.22169602
264,0,0.31005895
265,1,0.39907968
266,1,0.33333647
267,1,1.4346625
268,1,0.26072896
269,0,0.25600123
270,2,0.18174577
271,0,0.9613899
272,2,3.158958
273,3,0.039460182
274,0,0.056773424
275,0,0.027856708
276,0,0.14964974
277,1,0.4250636
278,1,1.9598831
279,0,1.487026
280,1,1.4604158
281,0,1.033819
282,0,1.014165
283,0,0.8874416
284,0,0.87632275
285,0,1.4122908
286,1,1.0321213
287,1,0.88120484
288,1,1.3330996
289,2,1.0428255
290,0,0.8961691
291,1,0.80810875
292,0,0.9976264
293,1,1.6030225
294,0,0.80370414
295,0,0.8929285
296,1,0.9553735
297,0,0.8368228
298,4,3.8099055
299,6,4.413048
300,3,5.193855
301,1,1.1493013
302,2,1.3277678
303,1,1.0311313
304,0,5.943304
305,3,8.595577
306,1,1.0186769
307,1,1.0050347
308,2,3.4038033
309,1,0.86480546
310,2,0.78839207
311,7,5.225177
312,2,2.5573997
313,0,2.880001
314,7,4.431227
315,0,1.0884674
316,0,0.95478475
317,7,5.042461
318,2,2.4200296
319,7,5.557399
320,1,1.0445106
321,0,0.9442377
322,1,1.1547362
323,2,1.2863685
324,1,1.7697195
325,2,3.0868425
326,1,1.4518552
327,1,3.9241028
328,0,1.2462447
329,1,0.8209743
330,0,0.46634924
331,0,0.44175756
332,2,4.7180214
333,3,5.2782564
334,0,0.62654537
335,2,3.3589566
336,0,0.5236582
337,2,0.71891725
338,6,6.3558826
339,0,0.9352138
340,0,0.58180845
341,1,0.51941895
342,2,3.287426
343,0,0.47522795
344,1,0.43272054
345,2,0.77687573
346,0,0.30724335
347,0,0.40754426
348,0,0.21371567
349,0,0.2726128
350,0,0.2537651
351,2,3.3012078
352,7,6.1390567
353,0,0.4050082
354,0,0.23669136
355,0,0.18310821
356,0,0.13982427
357,0,0.15324152
358,2,2.5759535
359,0,0.34473288
360,0,1.4371591
361,0,0.5357833
362,1,1.4371014
363,2,5.925857
364,132,117.2516
365,4,1.3012011
366,0,0.49075317
367,1,0.62626845
368,0,1.0173867
369,4,5.005005
370,4,1.5124662
371,3,1.9993837
372,2,1.7766855
373,0,0.2851845
374,2,4.49252
375,1,1.1204803
376,6,7.728568
377,0,1.6275152
378,0,0.9971986
379,1,1.0847769
380,0,0.84129906
381,1,1.2277174
382,3,1.34028
383,1,4.216163
384,4,4.1481047
385,0,0.5348257
386,1,1.7566736
387,2,1.3932054
388,0,0.6563351
389,3,1.0436963
390,1,1.536227
391,1,1.2103318
392,1,1.4980477
393,2,1.1640711
394,0,1.1571943
395,2,3.780353
396,0,2.0843737
397,0,0.28530312
398,1,1.8480297
399,2,0.43542933
400,0,0.8910131
401,0,0.3112142
402,1,0.45592368
403,6,2.7677894
404,3,0.5268124
405,1,0.46097982
406,0,0.4670714
407,5,4.7786493
408,0,0.45261848
409,0,0.7088878
410,1,0.8750876
411,0,0.8711835
412,0,0.8769553
413,0,0.86875325
414,0,1.4525123
415,0,1.7431989
416,0,1.0722468
417,1,6.5038
418,3,1.7273387
419,3,8.016402
420,1,1.3188971
421,2,7.5710626
422,9,7.877171
423,0,1.0399218
424,1,6.3469667
425,3,6.572938
426,0,3.9318213
427,36,49.484047
428,0,1.024556
429,1,4.543216
430,0,4.4754095
431,2,4.6720743
432,0,0.8480145
433,0,1.218566
434,1,0.9538111
435,1,0.938612
436,0,0.90326965
437,2,1.4341664
438,0,1.4107866
439,1,1.3400103
440,0,0.8531327
441,2,1.5609456
442,1,1.1958439
443,1,1.9081029
444,2,1.1082346
445,0,1.2414024
446,0,1.2288463
447,0,1.3018556
448,0,0.9738463
449,0,1.132749
450,0,1.282177
451,0,1.7738464
452,1,1.3651083
453,0,0.91621375
454,2,1.4404774
455,1,1.9917653
456,0,1.4422736
457,0,1.3953272
458,0,1.3224714
459,0,3.1883335
460,0,3.0291185
461,1,3.265811
462,2,3.6710868
463,0,1.6930629
464,1,2.9233208
465,1,1.329767
466,0,1.594573
467,0,1.3081977
468,0,4.3085957
469,2,4.253516
470,0,1.8631091
471,2,1.9721801
472,1,2.2943077
473,1,1.5968041
474,0,1.3086665
475,1,3.975132
476,1,2.1586342
477,1,3.9265175
478,0,2.8136022
479,0,1.2587605
480,3,3.7514963
481,0,1.1385146
482,1,0.88062555
483,0,2.7738953
484,3,1.3619608
485,0,2.5075307
486,1,1.3095366
487,3,2.723305
488,0,2.0130045
489,3,2.7112937
490,0,0.73246133
491,0,1.0060382
492,0,1.1588464
493,2,1.4451464
494,0,1.7327871
495,0,0.8447514
496,4,5.0889206
497,0,0.8296797
498,0,1.191083
499,0,1.0920106
500,2,1.9411731
501,1,2.834396
502,2,1.121629
503,8,5.6233354
504,1,1.5486054
505,1,1.1578662
506,2,2.046682
507,4,1.9853973
508,1,1.7705938
509,2,2.0622506
510,2,4.180436
511,2,0.9341868
512,0,1.1574922
513,0,1.6312164
514,0,1.6242065
515,3,2.5541735
516,0,2.2156353
517,0,3.976478
518,0,2.242705
519,1,2.8864355
520,0,2.862246
521,0,0.7459689
522,0,2.75416
523,1,2.8292766
524,2,4.551399
525,1,3.4724135
526,0,2.7806268
527,1,1.6549945
528,1,2.9936447
529,0,2.8947494
530,0,3.1589355
531,1,2.0417886
532,0,3.380065
533,4,1.5628169
534,0,2.7373872
535,1,2.519801
536,1,3.8104057
537,0,1.0190601
538,0,1.5837315
539,0,2.3994114
540,0,2.6505878
541,0,1.8497384
542,0,0.84040517
543,0,1.3152457
544,1,4.3113203
545,2,1.0921624
546,0,1.3627286
547,0,1.0700603
548,0,1.0951548
549,0,1.1517937
550,0,1.5396854
551,0,1.5938559
552,0,2.1987095
553,0,1.2636764
554,3,1.2799053
555,0,2.3469715
556,1,2.3851206
557,1,1.1162269
558,2,2.0627236
559,0,0.9855145
560,1,1.272694
561,1,1.2283146
562,1,1.072191
563,2,1.2156888
564,0,0.8079418
565,1,2.9620652
566,1,1.4155091
567,13,10.723837
568,1,1.00447
569,4,4.5700274
570,0,0.75587916
571,0,2.2109566
572,1,1.1824591
573,0,0.97886395
574,0,0.9322859
575,0,0.74974066
576,0,0.7946283
577,0,1.8604841
578,0,0.7796198
579,2,1.6192522
580,0,0.755329
581,0,0.07059348
582,2,0.9181763
583,4,4.0746975
584,1,0.51587933
585,1,0.5107583
586,0,0.5934928
587,0,0.36091888
588,0,4.0388355
589,3,0.7650567
590,0,0.5601833
591,1,0.5795373
592,7,3.8229694
593,0,2.0762205
594,0,0.9924203
595,0,0.93692213
596,0,3.2340488
597,0,1.8344543
598,1,5.326723
599,2,3.4827757
600,2,3.2410693
601,1,1.3408272
602,0,1.0731412
603,0,1.9080529
604,0,1.0216314
605,1,2.2893639
606,0,1.1018767
607,0,0.9916866
608,1,1.3741176
609,0,1.4755042
610,1,4.3507075
611,0,1.3423233
612,3,2.736383
613,10,16.291245
614,127,126.150505
615,2,1.6924592
616,8,5.126966
617,1,1.9036647
618,2,2.8441994
619,0,1.0755405
620,2,1.1159674
621,0,0.8799921
622,0,1.4645617
623,0,1.053238
624,1,1.3700224
625,2,1.2489836
626,0,1.0249201
627,0,0.8126988
628,0,1.0996518
629,1,1.3134809
630,2,1.0071521
631,0,0.772151
632,2,1.1254748
633,2,3.0697856
634,0,1.1643107
635,0,0.86813265
636,5,5.032859
637,5,4.9609776
638,0,1.2228031
639,0,0.9741036
640,1,0.8199781
641,0,0.72987264
642,0,2.9196596
643,1,0.70129085
644,0,1.3491436
645,0,1.2143998
646,0,0.6531156
647,0,0.74389297
648,1,0.68855095
649,1,1.7812986
650,0,0.6890494
651,0,1.5159856
652,0,0.7832724
653,2,3.6726308
654,0,0.7476192
655,1,2.5324364
656,0,0.52095366
657,0,0.58447737
658,4,4.9788723
659,0,0.943737
660,1,0.6928104
661,0,0.61358535
662,5,2.0905144
663,0,1.0557594
664,0,1.613331
665,1,0.95636916
666,1,1.6871645
667,0,0.61885124
668,0,0.8694606
669,0,1.7847993
670,2,1.6598088
671,2,1.1323144
672,1,1.8220403
673,1,1.6014724
674,2,0.72713757
675,0,0.62523556
676,1,0.7319568
677,0,0.12230921
678,1,0.6988201
679,0,0.5420885
680,1,3.5752034
681,0,0.585866
682,9,6.6694055
683,1,0.5975622
684,0,1.2137308
685,0,0.7440685
686,0,0.6871199
687,0,0.7248595
688,2,1.1390054
689,0,0.72264314
690,0,0.68258107
691,1,0.64304876
692,0,0.6629311
693,1,0.52983683
694,1,1.6632822
695,1,0.703492
696,0,0.47864306
697,1,0.59242725
698,2,1.1862764
699,2,2.9567018
700,1,0.6998275
701,1,0.66107064
702,0,0.505221
703,0,0.58262455
704,1,0.74403006
705,0,1.63776
706,0,1.1368315
707,1,1.0601141
708,0,0.58550876
709,1,0.5656855
710,0,0.4776299
711,0,0.46203232
712,1,0.8348269
713,0,0.54479307
714,0,0.4544332
715,0,0.7245013
716,2,0.5003551
717,0,0.4111091
718,0,0.36686027
719,1,0.4657817
720,1,0.84088385
721,0,0.29631984
722,0,0.36820233
723,0,0.43853688
724,1,0.33818245
725,2,2.5684247
726,4,3.0150995
727,1,8.40235
728,0,1.0920682
729,0,1.5778382
730,0,0.92875516
731,1,5.1682124
732,2,8.201428
733,3,0.97525954
734,0,1.2607875
735,0,3.4668295
736,1,1.3242358
737,1,1.6229222
738,3,5.6970263
739,0,3.0200977
740,1,2.1941726
741,3,3.9605927
742,0,1.6330758
743,1,1.2571781
744,4,4.641709
745,1,1.8836055
746,4,6.5684757
747,2,1.0396812
748,2,0.9475758
749,0,1.083713
750,0,1.1454289
751,1,1.1733809
752,1,3.7809348
753,0,1.0181997
754,1,2.2564745
755,0,1.6179109
756,2,1.4216282
757,0,1.071721
758,1,0.77697843
759,4,4.0131598
760,0,4.983569
761,0,0.6515973
762,2,1.7944052
763,0,0.63670933
764,1,1.0149724
765,2,6.114892
766,0,1.3525281
767,0,0.83935964
768,1,0.7498064
769,4,6.469231
770,0,0.7115318
771,0,0.8845911
772,0,1.1706016
773,0,0.7796192
774,2,0.947058
775,0,0.7068383
776,1,0.8239287
777,0,0.7522106
778,3,3.7158465
779,9,7.9974866
780,0,1.0121036
781,0,0.6480037
782,0,0.6846586
783,0,0.7188038
784,0,0.75122064
785,1,2.1496196
786,0,0.746295
787,1,1.3006293
788,1,0.84321964
789,1,1.3137287
790,2,4.9237
791,106,115.00265
792,1,2.3787413
793,0,0.62961686
794,1,1.0163679
795,0,1.567685
796,6,8.57184
797,2,2.1097822
798,2,2.8436573
799,1,2.5689325
800,0,0.57143867
801,4,5.0452886
802,4,1.8592128
803,2,9.805863
804,0,1.5797068
805,0,1.3912702
806,3,1.2220459
807,0,0.9196555
808,2,1.3118722
809,0,1.4139439
810,2,3.9451966
811,4,3.5983014
812,0,0.7011011
813,0,1.7369454
814,1,1.2296505
815,0,0.6276893
816,0,0.8406946
817,0,1.5282403
818,0,0.8972169
819,4,1.5069382
820,0,0.91121924
821,0,0.99853146
822,0,3.3658543
823,1,1.8819901
824,0,0.28780544
825,0,2.2504952
826,2,0.587486
827,1,1.1462946
828,0,0.33194494
829,1,0.6654146
830,6,8.860625
831,1,0.7290493
832,0,0.5018848
833,0,0.49072242
834,3,8.230215
835,0,0.43063498
836,2,0.9566939
837,0,1.1089343
838,0,1.0459253
839,0,0.9600783
840,0,0.8605745
841,0,1.3239323
842,0,1.4899862
843,0,0.94579476
844,3,7.6619906
845,0,1.3967432
846,4,5.2839274
847,0,1.0307161
848,2,4.6353216
849,4,4.2305346
850,0,0.906013
851,0,1.8479686
852,0,2.0057116
853,1,1.5165235
854,47,54.90328
855,0,0.9339049
856,2,4.517529
857,0,4.4970946
858,2,4.648769
859,0,0.79871017
860,0,1.1184788
861,0,1.193649
862,0,1.017773
863,0,0.96133155
864,2,1.4266043
865,2,1.1720076
866,0,1.3580909
867,0,0.94570184
868,0,1.5291464
869,1,1.0849829
870,0,2.1821618
871,1,1.1051608
872,0,1.1188726
873,0,1.1835275
874,0,1.2600864
875,0,0.8757909
876,1,1.125697
877,0,1.2505696
878,1,1.3847845
879,0,1.3007531
880,0,0.94155324
881,1,1.2065717
882,1,1.8704531
883,0,1.3392153
884,1,1.2404394
885,0,1.1488416
886,1,2.712026
887,1,2.6651134
888,3,2.7935884
889,1,3.843895
890,0,1.391763
891,1,2.577437
892,1,1.182296
893,0,1.4434919
894,1,1.0660737
895,2,4.0381575
896,1,3.9872398
897,0,1.5227334
898,1,1.8635755
899,0,1.7075756
900,0,1.3204075
901,0,1.1048636
902,2,4.348151
903,0,1.6327263
904,3,4.3019776
905,1,2.6677117
906,0,1.0292106
907,2,4.123022
908,0,1.0112056
909,0,0.7383783
910,0,2.6680455
911,1,1.4097168
912,2,2.285482
913,0,1.6842905
914,0,3.6461644
915,0,2.4883094
916,0,3.6918802
917,0,0.944342
918,0,1.050907
919,0,1.1987298
920,1,2.232776
921,2,2.7866282
922,1,1.1714249
923,4,4.8177
924,0,0.87276226
925,0,1.1518635
926,1,1.0288403
927,3,3.312438
928,4,4.5835214
929,0,0.9747077
930,7,6.215045
931,0,1.2876426
932,0,0.96732986
933,1,1.5710323
934,0,1.9459438
935,1,2.9603086
936,0,1.5410483
937,1,4.0038924
938,0,1.7425554
939,0,0.78414947
940,0,1.1275976
941,0,1.0558532
942,1,3.8658624
943,0,1.4798534
944,3,3.0550327
945,0,1.5095065
946,1,2.0976315
947,1,4.330263
948,2,1.1372501
949,0,1.8921211
950,0,1.9432689
951,1,2.7153566
952,1,2.2794518
953,0,3.0674915
954,0,2.479753
955,3,3.2305899
956,0,1.8744276
957,0,2.255457
958,0,2.3419902
959,0,2.428322
960,2,2.0977492
961,0,1.7088468
962,0,1.530165
963,1,2.765626
964,0,1.0207183
965,1,1.5775983
966,0,1.4287574
967,0,1.8370819
968,0,0.8558771
969,1,0.98526615
970,0,1.3741677
971,1,4.92481
972,0,0.915027
973,0,1.3992826
974,1,0.891523
975,0,1.0298404
976,0,1.2025576
977,0,1.4389226
978,0,1.5879198
979,2,3.4806695
980,0,1.3549962
981,0,1.2885884
982,1,3.5223207
983,1,2.5228302
984,0,1.081012
985,0,3.2136958
986,0,0.91972655
987,0,1.2021643
988,0,1.3999636
989,2,1.0047877
990,0,1.142372
991,0,0.74592686
992,3,4.2100854
993,1,1.3904563
994,7,16.959251
995,0,0.94952685
996,1,6.0453305
997,0,0.73906213
998,0,2.7790437
999,0,1.252665
1000,0,1.0093558
1001,0,0.9457144
1002,0,0.74721885
1003,0,0.804672
1004,1,2.2010467
1005,0,0.8021438
1006,1,1.8507881
1007,0,0.8142344
1008,0,0.9216386
1009,0,1.1946112
1010,2,4.170221
1011,0,0.99736524
1012,0,0.91620153
1013,0,1.3664236
1014,0,1.0233009
1015,2,3.8135862
1016,2,1.404023
1017,0,0.93677163
1018,0,0.91077363
1019,3,3.7182684
1020,1,2.086685
1021,1,1.2983574
1022,1,1.1304587
1023,2,2.8933015
1024,2,1.8806078
1025,3,3.8075213
1026,0,3.997138
1027,1,2.990627
1028,0,1.3763305
1029,0,1.049702
1030,0,1.5789089
1031,0,0.9311826
1032,3,2.035924
1033,0,1.0084656
1034,1,0.8868791
1035,1,1.3030744
1036,0,1.407728
1037,5,3.892879
1038,1,1.2824831
1039,2,2.9464765
1040,18,24.90047
1041,115,175.03223
1042,3,1.5865333
1043,14,5.1775417
1044,0,1.7487788
1045,1,2.459489
1046,0,1.1423682
1047,0,1.1584065
1048,0,0.96485114
1049,3,1.4190109
1050,1,1.1013396
1051,1,1.3452028
1052,1,1.2439972
1053,0,1.0600867
1054,0,0.8695429
1055,0,1.132544
1056,0,1.3191787
1057,0,1.0256739
1058,0,0.8171791
1059,1,1.1306815
1060,3,2.7360916
1061,1,1.1584036
1062,0,0.95840317
1063,9,5.240211
1064,6,4.9620943
1065,0,1.2662852
1066,0,1.0360363
1067,2,0.90281594
1068,0,0.8167274
1069,0,2.491641
1070,1,0.79300976
1071,1,1.4132621
1072,1,1.2650629
1073,0,0.7395514
1074,0,0.84172964
1075,0,0.7806391
1076,2,2.030026
1077,0,0.78705263
1078,0,1.4247618
1079,0,0.8779403
1080,1,5.1206713
1081,0,0.86821663
1082,0,3.1669514
1083,0,0.63172036
1084,1,0.7478489
1085,2,8.184522
1086,0,0.96824664
1087,1,0.8330204
1088,1,0.8064326
1089,2,2.4045773
1090,0,1.2376642
1091,0,1.633457
1092,1,1.1426395
1093,1,1.7304062
1094,0,0.68405384
1095,0,1.0627291
1096,1,2.372397
1097,0,2.0522864
1098,1,1.1431401
1099,0,2.706087
1100,0,1.5913527
1101,0,1.2792295
1102,0,1.2875593
1103,0,1.6334893
1104,0,1.5792693
1105,3,1.5847695
1106,0,1.155411
1107,0,5.1209297
1108,1,1.1130698
1109,10,9.400006
1110,1,0.96596074
1111,0,1.3748128
1112,0,1.3444802
1113,0,0.8568177
1114,0,0.87286854
1115,2,1.3401847
1116,0,0.8495234
1117,0,0.7955546
1118,0,0.7409603
1119,3,0.76140606
1120,0,0.65200883
1121,1,1.9875735
1122,0,0.79335797
1123,0,0.61544424
1124,0,0.64999795
1125,0,1.1584389
1126,4,6.3408046
1127,2,0.8566115
1128,0,0.846302
1129,0,0.61581796
1130,0,0.67033666
1131,0,0.9250697
1132,2,1.9141006
1133,0,1.1905018
1134,0,1.1553285
1135,0,0.77439576
1136,1,0.7437278
1137,0,0.6319794
1138,1,0.61334306
1139,1,1.0766952
1140,1,0.7209443
1141,1,0.6108885
1142,0,0.9534187
1143,0,0.66706246
1144,0,0.5557726
1145,0,0.5145406
1146,0,0.62284213
1147,0,1.0856968
1148,0,0.45303953
1149,0,0.51991606
1150,0,0.5931043
1151,0,0.48292804
1152,2,2.5398262
1153,4,4.5143933
1154,6,7.1200385
1155,0,1.7030711
1156,1,2.5747085
1157,2,1.4639379
1158,1,4.6738997
1159,3,7.0289874
1160,0,1.5139022
1161,0,1.7300783
1162,4,4.161782
1163,0,1.5256023
1164,2,1.9166663
1165,3,4.333008
1166,2,2.8327446
1167,1,1.824711
1168,2,4.2974386
1169,2,1.9247665
1170,1,1.4496202
1171,7,6.3973413
1172,1,2.488723
1173,6,5.2871385
1174,0,1.1359223
1175,1,1.0080894
1176,1,1.1340102
1177,1,1.181825
1178,0,1.1306851
1179,1,4.3846917
1180,0,0.8634548
1181,1,1.6972854
1182,1,1.7361479
1183,1,1.6636324
1184,0,1.4356081
1185,2,1.1819184
1186,3,4.6322865
1187,5,5.469406
1188,1,1.0470694
1189,0,2.9107735
1190,0,1.1226528
1191,1,1.4910245
1192,0,5.651079
1193,1,1.8330165
1194,0,1.3591312
1195,0,1.3266046
1196,5,7.447768
1197,0,1.2030547
1198,1,1.3058329
1199,1,1.3993084
1200,0,1.0706261
1201,2,1.1686355
1202,1,0.8544301
1203,0,0.8954484
1204,0,0.8042855
1205,1,1.5204767
1206,11,9.151493
1207,0,0.93113786
1208,0,0.653127
1209,0,0.6637337
1210,0,0.6634332
1211,0,0.6574402
1212,3,1.083857
1213,0,0.6038137
1214,0,0.9487024
1215,0,0.6500975
1216,2,0.9635184
1217,4,5.1951137
1218,96,128.90024
1219,0,2.2600954
1220,0,1.1142774
1221,1,1.6285703
1222,0,1.733061
1223,9,9.039808
1224,1,1.6460241
1225,3,1.8027518
1226,2,3.4098892
1227,0,0.80135584
1228,1,5.538867
1229,1,2.1843631
1230,7,10.471337
1231,1,0.7202878
1232,2,1.5911208
1233,0,1.4194942
1234,0,1.1147537
1235,2,1.4921963
1236,0,1.5990584
1237,1,7.1356606
1238,2,6.648812
1239,0,0.81390405
1240,0,1.6551538
1241,2,1.4295603
1242,0,0.72563714
1243,0,0.94441086
1244,0,1.8845133
1245,0,0.9631964
1246,1,1.7702477
1247,0,0.9373411
1248,0,1.0548927
1249,1,3.152478
1250,1,1.7114027
1251,1,0.72925913
1252,0,2.6737237
1253,2,1.1366863
1254,0,1.8166509
1255,1,1.0269852
1256,0,1.2825298
1257,6,10.913141
1258,1,1.2845461
1259,0,1.07622
1260,0,1.040263
1261,2,10.110224
1262,0,0.9147944
1263,2,1.1866956
1264,4,1.3789381
1265,0,1.2863531
1266,0,1.180071
1267,0,1.0655816
1268,1,1.4934994
1269,0,1.6375388
1270,0,1.0579869
1271,2,10.642028
1272,3,1.5522026
1273,4,11.891257
1274,0,1.1261224
1275,7,7.994636
1276,7,9.158418
1277,0,0.9273428
1278,0,1.6262373
1279,2,1.6736467
1280,0,1.2768329
1281,26,68.12033
1282,0,1.9184611
1283,4,4.8422723
1284,0,4.988188
1285,5,5.1207585
1286,0,1.4999088
1287,0,1.8234706
1288,2,1.20097
1289,0,1.07069
1290,0,1.00926
1291,1,1.4632761
1292,1,1.8302573
1293,1,1.302635
1294,0,0.9830588
1295,1,1.6327552
1296,0,1.5761485
1297,2,2.2890809
1298,0,1.1837785
1299,1,1.3194361
1300,0,1.342519
1301,2,1.4262385
1302,0,1.0394722
1303,0,1.2655771
1304,0,1.399911
1305,1,1.3959482
1306,3,1.431426
1307,0,1.0056887
1308,0,1.1466329
1309,0,1.952801
1310,0,1.546037
1311,0,1.3541288
1312,0,1.2582071
1313,1,1.985178
1314,0,1.8591692
1315,0,2.0123887
1316,0,4.5675073
1317,0,1.4110895
1318,1,1.8163686
1319,0,0.92043465
1320,0,1.1016543
1321,0,1.0382862
1322,2,3.2319446
1323,2,3.0920558
1324,0,1.1291173
1325,3,2.417027
1326,0,1.3368276
1327,1,0.93866384
1328,1,0.9465506
1329,1,3.2831614
1330,0,1.1453434
1331,2,3.59156
1332,0,1.3970972
1333,0,0.93924654
1334,0,3.31535
1335,1,1.3150525
1336,0,0.7296098
1337,1,1.3235219
1338,2,1.6461858
1339,0,1.1845255
1340,3,2.1713486
1341,3,2.6827087
1342,0,1.3983877
1343,2,3.615696
1344,0,1.1617267
1345,2,1.1898342
1346,1,1.2943814
1347,1,2.1071057
1348,2,3.3119483
1349,1,1.154018
1350,5,6.354722
1351,1,0.9593424
1352,2,1.240246
1353,0,1.0925859
1354,1,4.1024547
1355,3,5.666923
1356,0,1.0374479
1357,7,8.325963
1358,1,1.4634072
1359,0,1.055111
1360,0,1.7757301
1361,3,2.2136798
1362,0,3.5690808
1363,0,1.6929089
1364,2,3.4611883
1365,0,2.0721374
1366,2,0.806363
1367,0,1.1266668
1368,0,0.9987546
1369,0,3.862471
1370,0,1.40448
1371,4,2.388668
1372,0,1.298605
1373,2,1.6941552
1374,1,4.1773396
1375,0,1.5971844
1376,0,1.2876294
1377,0,1.374821
1378,2,2.0734916
1379,0,1.8340541
1380,1,3.6810942
1381,1,2.9629617
1382,2,3.6980777
1383,0,1.4257475
1384,1,1.8904383
1385,0,2.1955476
1386,1,2.1386538
1387,0,3.1974006
1388,1,1.2316451
1389,0,1.1091466
1390,1,2.1684852
1391,0,1.0752443
1392,3,2.800972
1393,0,0.9207622
1394,1,1.3713926
1395,0,0.525481
1396,1,1.7097406
1397,0,1.3182472
1398,1,5.6931863
1399,0,0.9848954
1400,0,1.2516999
1401,1,0.95744926
1402,0,0.9953668
1403,0,1.0788078
1404,0,1.4057875
1405,0,1.6344163
1406,1,4.0359426
1407,0,1.3995768
1408,0,1.3842702
1409,0,4.209939
1410,1,2.756215
1411,1,1.1661507
1412,1,3.8793635
1413,0,1.011554
1414,0,1.3000495
1415,0,1.1038991
1416,1,1.0765481
1417,0,1.236275
1418,0,0.89652187
1419,3,5.013095
1420,1,1.5780141
1421,11,19.907213
1422,0,1.1231729
1423,5,6.8728876
1424,0,0.94027716
1425,1,1.4952621
1426,2,1.5591489
1427,1,1.3490608
1428,0,1.2859491
1429,0,1.0123558
1430,0,1.085547
1431,0,4.0232725
1432,0,1.0757132
1433,1,3.0928426
1434,0,1.1156329
1435,0,1.3326153
1436,1,1.5959388
1437,4,4.202145
1438,1,1.2529252
1439,0,1.1659427
1440,1,1.544425
1441,1,1.5480677
1442,2,3.9134612
1443,0,1.6007156
1444,0,1.1219747
1445,0,1.0783597
1446,0,4.0449414
1447,1,3.3096302
1448,1,1.4689875
1449,1,1.2876012
1450,1,3.0629592
1451,3,2.1623354
1452,4,3.5154724
1453,0,3.9001164
1454,0,3.1033325
1455,0,1.2660546
1456,1,1.0019433
1457,1,1.6202449
1458,0,0.91953087
1459,0,1.6899602
1460,1,0.9958788
1461,0,0.8841113
1462,1,1.3507236
1463,0,1.4367119
1464,5,4.5688314
1465,0,1.3000288
1466,0,2.1752217
1467,14,23.830084
1468,135,189.32684
1469,1,1.4958009
1470,9,8.163317
1471,0,1.6228007
1472,0,1.8674339
1473,0,1.4451245
1474,4,1.261935
1475,0,1.1097581
1476,1,1.4476357
1477,2,1.2338574
1478,1,1.4092336
1479,0,1.3486174
1480,0,1.2086655
1481,0,1.0270232
1482,0,1.2811688
1483,0,1.3841639
1484,0,1.1528819
1485,1,0.96395326
1486,0,1.3123122
1487,0,2.5366142
1488,0,1.2689714
1489,0,1.0611261
1490,9,4.8918514
1491,4,3.2942784
1492,1,1.4065676
1493,2,1.1805283
1494,1,1.04138
1495,0,0.9499839
1496,1,2.451468
1497,0,0.9268112
1498,2,1.5571685
1499,1,1.4237437
1500,1,0.88229966
1501,1,0.9921912
1502,1,0.93434715
1503,0,2.545456
1504,0,0.9382224
1505,1,1.875955
1506,0,1.1749123
1507,2,5.022147
1508,0,1.1751261
1509,0,3.6991692
1510,0,0.76086146
1511,0,1.0225856
1512,4,8.044873
1513,0,1.1877973
1514,0,1.2550443
1515,0,1.2257179
1516,0,2.8215404
1517,0,1.7681597
1518,0,2.212973
1519,0,1.6845632
1520,1,2.3795147
1521,1,0.94264966
1522,0,1.6391461
1523,0,2.5239563
1524,1,3.0410123
1525,0,1.6430988
1526,0,2.4450755
1527,2,2.1731944
1528,0,1.723078
1529,0,1.2787318
1530,0,1.6026578
1531,0,0.3752731
1532,2,1.6219138
1533,0,1.1007695
1534,4,6.378091
1535,0,1.1593623
1536,9,12.471346
1537,0,1.0661969
1538,0,0.1968286
1539,0,0.43216944
1540,0,0.9515896
1541,0,0.936593
1542,0,1.5525405
1543,1,0.909178
1544,0,0.8583838
1545,0,0.8141019
1546,0,0.8582664
1547,0,0.75530267
1548,2,2.4556355
1549,1,0.94751203
1550,0,0.7043213
1551,0,0.7756918
1552,1,0.0
1553,1,10.372116
1554,0,1.1284424
1555,0,1.1119491
1556,1,0.7051236
1557,0,0.8197208
1558,0,1.136848
1559,1,2.089043
1560,1,0.2707566
1561,0,0.37194157
1562,0,1.2601541
1563,0,1.2697915
1564,1,1.1525989
1565,0,1.1416297
1566,3,2.0605717
1567,0,1.4764159
1568,1,1.2940602
1569,1,2.0751898
1570,0,1.3825153
1571,0,1.0546837
1572,0,0.9563296
1573,0,1.2382904
1574,0,1.3335909
1575,0,0.6999041
1576,0,0.8448106
1577,0,1.0055586
1578,0,0.7623765
1579,2,5.5011964
1580,2,8.508121
1581,4,7.3766284
1582,1,1.8915017
1583,0,2.475027
1584,0,1.3773822
1585,1,5.5133348
1586,7,7.682992
1587,1,1.272949
1588,1,1.2399583
1589,2,4.9323373
1590,1,1.2063171
1591,0,0.95806324
1592,5,6.0185676
1593,2,1.9911096
1594,0,0.9971676
1595,5,3.397397
1596,1,0.8253482
1597,0,1.5109199
1598,13,16.311037
1599,0,1.3950509
1600,4,8.365747
1601,0,1.3355378
1602,0,1.2056342
1603,1,1.1410816
1604,0,1.2596965
1605,1,1.5325834
1606,2,4.9192452
1607,0,1.4895501
1608,0,2.4734805
1609,0,2.114747
1610,1,1.3723744
1611,2,1.0839355
1612,1,1.0024018
1613,2,6.018879
1614,5,6.45864
1615,1,1.087053
1616,1,3.6123824
1617,0,1.50671
1618,2,0.96227396
1619,4,5.098623
1620,1,0.4873637
1621,0,0.822357
1622,0,1.1481742
1623,3,8.038584
1624,0,1.4248694
1625,4,1.0570818
1626,2,0.5342031
1627,0,1.1753361
1628,1,0.7017507
1629,0,1.1567827
1630,0,1.0347809
1631,0,1.2144295
1632,1,2.2160058
1633,10,8.988279
1634,1,1.041916
1635,0,1.0142763
1636,1,1.0083256
1637,0,0.9846676
1638,0,0.9682423
1639,1,2.693298
1640,1,0.88910574
1641,1,1.3309382
1642,0,0.9269088
1643,3,1.4739802
1644,3,5.509096
1645,95,139.24136
1646,1,1.8656089
1647,1,1.9789311
1648,1,1.1375823
1649,2,0.85871774
1650,2,8.780361
1651,3,1.2739592
1652,0,3.1399407
1653,1,3.7717295
1654,0,1.306796
1655,3,5.2739644
1656,0,2.0249028
1657,3,8.273705
1658,3,3.5217476
1659,1,1.5774516
1660,1,1.4184105
1661,0,1.150929
1662,0,1.4894744
1663,1,1.5986264
1664,4,7.6233363
1665,5,7.249732
1666,0,0.8329509
1667,2,3.0705383
1668,2,1.4775501
1669,0,0.8105277
1670,0,1.0787342
1671,1,1.5614326
1672,1,1.1802363
1673,0,1.4902871
1674,0,1.224103
1675,2,1.2720335
1676,1,2.9196544
1677,2,1.5302086
1678,0,1.6880943
1679,1,1.6950183
1680,0,1.9441972
1681,1,2.8330193
1682,0,1.6717323
1683,0,1.9290607
1684,2,10.363168
1685,0,1.884931
1686,0,1.62044
1687,1,1.5235122
1688,2,8.899155
1689,0,1.3016071
1690,2,1.4254432
1691,1,1.5763943
1692,0,1.4872327
1693,2,1.3930956
1694,0,1.3157336
1695,1,1.710811
1696,0,1.8443935
1697,0,1.3239785
1698,2,8.052654
1699,3,1.6641766
1700,3,10.077332
1701,2,1.270877
1702,2,9.454421
1703,5,11.516542
1704,0,1.0810156
1705,0,1.6823704
1706,4,1.7572494
1707,0,1.3405232
1708,54,66.393074
1709,0,1.7460762
1710,3,6.6017547
1711,0,6.8954215
1712,5,7.094207
1713,0,1.2554989
1714,0,1.9101462
1715,0,1.2057459
1716,0,1.1916904
1717,0,1.1184653
1718,1,1.6746686
1719,2,1.8149962
1720,0,1.471938
1721,0,1.1319324
1722,0,1.8302177
1723,1,1.2404286
1724,1,3.4070625
1725,0,1.3844279
1726,0,0.9673151
1727,0,1.6819144
1728,0,1.8608476
1729,1,0.4501753
1730,0,1.6038996
1731,0,1.8505454
1732,3,1.0937877
1733,1,1.8936497
1734,0,1.1945381
1735,0,0.8387751
1736,2,3.0167322
1737,0,2.1929164
1738,0,1.8044323
1739,0,1.6845633
1740,2,2.7941556
1741,1,2.7791193
1742,0,2.527851
1743,4,5.620497
1744,2,1.9183453
1745,0,2.1686838
1746,0,0.9377329
1747,0,1.0909408
1748,0,1.55456
1749,2,2.4252174
1750,1,2.3730943
1751,0,1.0649986
1752,3,4.626615
1753,0,1.5441743
1754,0,0.91733444
1755,1,1.6851565
1756,0,3.2205966
1757,0,1.5089545
1758,4,3.988927
1759,3,1.5858693
1760,0,1.767756
1761,5,3.007399
1762,0,2.0439112
1763,0,1.4643016
1764,0,1.6956948
1765,0,2.4136941
1766,0,1.4727446
1767,2,3.080606
1768,1,2.6294458
1769,0,2.0166118
1770,3,2.7192864
1771,1,0.6974312
1772,1,1.5786724
1773,2,1.7149398
1774,2,3.0930276
1775,1,4.809385
1776,0,0.40993953
1777,6,6.6188655
1778,0,1.2542207
1779,1,1.6664131
1780,3,1.4975337
1781,1,5.2562537
1782,2,6.194941
1783,0,1.3780409
1784,8,8.903631
1785,2,1.7777247
1786,1,1.3502226
1787,1,2.189796
1788,2,2.5118012
1789,1,4.1189637
1790,2,2.1096945
1791,0,3.6351728
1792,0,1.6443832
1793,1,1.0624449
1794,0,1.3897119
1795,1,1.2990382
1796,0,3.3253756
1797,2,1.703167
1798,0,3.1451216
1799,1,1.487488
1800,1,1.8667128
1801,6,3.4549172
1802,0,1.0713675
1803,1,1.3119495
1804,0,1.3288918
1805,2,2.059733
1806,1,1.6326109
1807,4,3.1097171
1808,2,3.119542
1809,2,3.47305
1810,1,1.1567607
1811,0,1.6793692
1812,3,1.9220068
1813,2,2.045201
1814,2,3.0576572
1815,0,1.1915189
1816,0,1.1056565
1817,0,2.1876366
1818,1,1.1617231
1819,2,3.2656813
1820,0,1.1401026
1821,1,1.5006857
1822,0,0.6304797
1823,0,2.4760544
1824,0,1.286682
1825,2,6.037719
1826,0,0.94773465
1827,0,1.2934674
1828,0,0.92770505
1829,0,0.95746773
1830,0,1.0923736
1831,0,0.89945006
1832,2,1.7801062
1833,1,4.3721766
1834,0,0.0
1835,0,1.3441956
1836,2,4.3482027
1837,0,4.0286746
1838,1,1.1843545
1839,3,3.2250767
1840,1,1.147553
1841,0,1.498887
1842,1,0.35270846
1843,2,1.3269106
1844,1,1.5085626
1845,1,1.132555
1846,1,4.0919843
1847,0,2.8140602
1848,15,17.280693
1849,1,1.482017
1850,2,7.500504
1851,0,1.2359202
1852,0,1.37464
1853,0,2.4645424
1854,0,1.921276
1855,0,1.8131468
1856,0,1.3764908
1857,0,1.4945261
1858,1,4.341841
1859,0,1.5411178
1860,4,3.5599866
1861,0,1.5843358
1862,0,0.7860468
1863,1,1.6431334
1864,1,4.2899017
1865,0,1.1485777
1866,0,1.0857177
1867,2,1.4532044
1868,1,0.82749665
1869,7,4.6828957
1870,3,1.8032031
1871,2,1.1907127
1872,1,1.1771791
1873,2,4.825947
1874,1,2.680791
1875,0,1.7103412
1876,0,1.5055246
1877,1,3.7598472
1878,2,1.563449
1879,4,5.502278
1880,3,3.9354029
1881,0,3.3293679
1882,0,0.87636316
1883,0,0.5660596
1884,0,1.2886722
1885,1,1.2715695
1886,2,1.7434678
1887,0,1.3947439
1888,0,1.250147
1889,2,1.6152148
1890,1,1.8762114
1891,5,3.8469234
1892,1,1.8257626
1893,0,2.2005067
1894,11,16.610502
1895,161,197.08157
1896,1,1.8522644
1897,11,8.607931
1898,0,2.0001662
1899,2,2.929707
1900,0,1.0920599
1901,1,1.4138514
1902,0,1.2570837
1903,1,1.6041374
1904,0,1.3894479
1905,0,1.5610005
1906,2,1.4971784
1907,0,1.3640602
1908,0,1.1809411
1909,1,1.436261
1910,1,1.5616574
1911,0,1.3219476
1912,1,1.1366898
1913,1,1.3470044
1914,0,2.3140936
1915,0,1.4888427
1916,0,1.25087
1917,9,3.6079035
1918,4,3.6437855
1919,2,1.8420074
1920,0,1.3391762
1921,1,1.2051536
1922,1,1.1429431
1923,5,2.4292667
1924,0,1.1506393
1925,0,1.8505319
1926,1,1.7151465
1927,0,1.1138704
1928,0,1.2223822
1929,3,1.2483184
1930,2,2.8506868
1931,0,1.1916082
1932,0,2.2488236
1933,1,1.6206394
1934,2,4.939638
1935,1,1.6654398
1936,1,3.489621
1937,0,1.0405688
1938,0,1.5252334
1939,2,6.8892875
1940,0,1.7923927
1941,0,1.9762689
1942,1,1.9397521
1943,0,2.78269
1944,2,2.7599206
1945,0,2.411043
1946,0,2.6125526
1947,0,3.249499
1948,1,1.495393
1949,0,2.5261383
1950,1,2.391799
1951,1,4.7904267
1952,0,2.5591881
1953,1,2.3175569
1954,1,3.220252
1955,0,3.6897664
1956,0,1.3759352
1957,2,1.8352407
1958,0,2.7976205
1959,2,1.9296441
1960,0,1.200628
1961,1,6.2771306
1962,0,1.2888844
1963,10,10.820672
1964,1,1.1045271
1965,2,1.9262145
1966,0,1.2358211
1967,0,0.978972
1968,1,0.9843982
1969,2,1.5561678
1970,1,0.9940734
1971,0,0.9908136
1972,0,1.0333748
1973,1,1.0409226
1974,4,0.9316671
1975,0,2.0563176
1976,1,1.1252531
1977,0,0.8858709
1978,0,0.9559581
1979,0,0.0
1980,2,7.926691
1981,2,0.78561777
1982,0,0.8031452
1983,1,0.9548737
1984,0,0.98520046
1985,0,0.93419516
1986,0,6.6420817
1987,0,1.6061594
1988,1,1.2137048
1989,0,1.2873942
1990,0,1.3119805
1991,1,1.2287226
1992,0,1.2336199
1993,2,1.2753642
1994,0,1.3861392
1995,0,1.2867041
1996,0,1.4842798
1997,0,1.4030733
1998,0,1.3132378
1999,0,1.2754068
2000,1,1.4467956
2001,0,0.71935576
2002,0,1.3188713
2003,1,1.4656236
2004,3,1.6011003
2005,0,1.4472227
2006,4,8.771878
2007,2,10.478553
2008,9,8.326747
2009,0,2.329813
2010,3,3.1067457
2011,0,1.8561969
2012,1,6.5386395
2013,4,8.198848
2014,1,1.6060405
2015,1,1.6521062
2016,3,6.195494
2017,1,1.3588735
2018,2,1.9658055
2019,11,7.2158747
2020,5,4.1367583
2021,1,2.086597
2022,9,5.8417373
2023,2,1.2253605
2024,3,0.9697324
2025,8,11.918279
2026,1,2.7539978
2027,9,9.189874
2028,0,0.92525136
2029,0,1.1129802
2030,1,1.1064014
2031,0,1.137635
2032,2,1.2625567
2033,1,4.532234
2034,0,1.3470345
2035,2,1.6148572
2036,0,4.209594
2037,1,3.4636698
2038,2,3.133202
2039,1,2.1232133
2040,5,7.657154
2041,2,7.866948
2042,0,1.2864642
2043,0,4.6576867
2044,0,1.2062652
2045,0,1.5954679
2046,7,6.025786
2047,1,2.5850234
2048,0,1.1015873
2049,0,1.2814269
2050,3,7.215311
2051,0,1.3048546
2052,1,0.84289646
2053,5,0.54337853
2054,1,1.1464458
2055,1,0.8182817
2056,0,1.4933983
2057,0,1.0936465
2058,2,1.438008
2059,1,3.9451337
2060,11,11.473485
2061,3,1.2165751
2062,0,1.4967498
2063,0,1.5429192
2064,0,1.5622447
2065,0,1.5087857
2066,4,1.8294019
2067,0,1.4673679
2068,1,1.4987701
2069,0,1.4266853
2070,2,1.6567433
2071,8,5.3249803
2072,122,153.4997
2073,2,3.1917522
2074,1,2.194271
2075,0,2.851738
2076,0,3.5960836
2077,3,7.628077
2078,4,4.0595465
2079,4,5.2685823
2080,2,2.7845407
2081,0,1.4468907
2082,4,3.9786835
2083,2,2.314756
2084,7,7.3580055
2085,1,4.144637
2086,0,1.950018
2087,2,1.7595785
2088,0,1.3481688
2089,2,1.8488517
2090,1,1.9403937
2091,4,8.165837
2092,2,8.595113
2093,0,1.159246
2094,4,4.578408
2095,3,2.1762843
2096,0,1.203196
2097,1,1.5817218
2098,0,2.4330366
2099,0,1.3243449
2100,1,1.970325
2101,0,1.2554431
2102,2,1.380423
2103,4,6.135549
2104,2,2.9348087
2105,0,2.1661382
2106,2,2.1588416
2107,0,2.3559902
2108,2,3.0078022
2109,1,2.0685058
2110,0,2.378605
2111,5,7.4832964
2112,2,2.2920763
2113,1,1.925044
2114,0,1.75025
2115,5,7.3815017
2116,0,1.4275783
2117,0,1.7575834
2118,0,2.037157
2119,0,1.8315058
2120,0,1.5829265
2121,0,1.4166844
2122,1,2.0110998
2123,1,2.318619
2124,0,1.428257
2125,3,7.6848407
2126,2,2.1797862
2127,5,8.520102
2128,0,1.6068174
2129,2,9.0145235
2130,6,7.8341503
2131,0,1.5179864
2132,1,2.409275
2133,4,2.5232413
2134,0,1.9149244
2135,73,75.065704
2136,2,0.90483683
2137,4,6.49838
2138,0,6.4712214
2139,6,6.572152
2140,1,0.30455744
2141,0,1.2408974
2142,1,1.3990486
2143,0,1.1978202
2144,0,1.2182741
2145,0,2.6441689
2146,2,1.1129953
2147,0,2.1308365
2148,1,1.1830987
2149,2,3.1317153
2150,2,0.5116528
2151,0,4.6889405
2152,1,1.8712914
2153,2,0.22617888
2154,2,2.3042967
2155,2,2.502591
2156,0,0.0
2157,1,2.2099938
2158,1,2.519967
2159,1,0.6718561
2160,0,2.588448
2161,0,1.484958
2162,0,0.27550638
2163,2,3.750112
2164,2,2.5659618
2165,0,2.2789376
2166,0,2.1071973
2167,2,2.0679317
2168,2,2.0813372
2169,2,1.7189977
2170,4,5.6056247
2171,0,2.5453496
2172,3,1.7537135
2173,0,0.7880216
2174,0,1.0285423
2175,1,2.0642085
2176,5,2.9369373
2177,2,2.93001
2178,0,1.4121821
2179,2,4.814566
2180,1,2.0151868
2181,0,1.4887592
2182,1,1.9795487
2183,0,4.854178
2184,1,2.463269
2185,3,5.880988
2186,0,2.3308797
2187,0,1.9799523
2188,5,4.514336
2189,1,1.8403049
2190,0,1.6024812
2191,0,2.5566
2192,1,2.5803318
2193,2,2.2610245
2194,2,2.7716086
2195,1,3.8768153
2196,0,2.232256
2197,2,3.685112
2198,0,1.9450996
2199,1,1.3544526
2200,1,1.5337468
2201,2,5.316738
2202,1,5.9888544
2203,0,1.4832311
2204,1,6.3809814
2205,0,1.3204324
2206,0,1.5919855
2207,0,1.5439539
2208,2,5.9514065
2209,5,6.743779
2210,1,1.7954788
2211,11,8.130103
2212,0,2.0061574
2213,2,1.7544103
2214,2,2.9858575
2215,1,2.964879
2216,3,4.7686415
2217,1,2.6986008
2218,2,3.2119575
2219,1,2.3922973
2220,0,1.4245667
2221,0,1.9688306
2222,1,1.7996261
2223,1,3.3651514
2224,0,2.0791817
2225,4,3.5613356
2226,1,1.9907806
2227,0,2.0711045
2228,5,4.717
2229,0,0.9973819
2230,0,1.6301043
2231,1,1.5859883
2232,1,2.1382704
2233,0,1.6930726
2234,1,4.0271935
2235,0,2.7483096
2236,2,4.2308545
2237,1,1.1575019
2238,0,1.3628106
2239,2,2.170543
2240,0,1.4942191
2241,0,1.9094052
2242,0,0.93124634
2243,2,0.87302834
2244,0,1.787247
2245,0,1.2820427
2246,2,1.747123
2247,0,0.7982774
2248,0,0.9540905
2249,0,0.58874196
2250,0,1.742477
2251,2,1.6743569
2252,4,6.5810785
2253,0,1.1203752
2254,0,1.5796204
2255,0,1.0866345
2256,0,1.1863197
2257,0,1.3208104
2258,0,0.82513297
2259,0,2.4053912
2260,1,4.134316
2261,1,0.8068265
2262,1,1.6732917
2263,1,3.8256001
2264,3,5.4130526
2265,1,1.4906133
2266,0,2.765493
2267,1,1.6953143
2268,0,3.0509305
2269,1,0.9797883
2270,0,2.261043
2271,0,2.7768779
2272,2,1.7370877
2273,8,4.1993685
2274,0,3.9322433
2275,14,15.556984
2276,0,2.2573287
2277,5,6.8660965
2278,0,1.5559306
2279,1,1.5201857
2280,0,2.920423
2281,2,2.4228175
2282,1,2.2214146
2283,0,1.4510527
2284,0,1.5487928
2285,2,4.50304
2286,0,1.5224754
2287,0,3.7307992
2288,0,1.6291462
2289,0,0.0
2290,0,2.9660766
2291,7,6.138247
2292,0,1.7063236
2293,1,1.2086183
2294,1,0.5988452
2295,0,0.40242755
2296,8,6.7344356
2297,2,3.5431385
2298,0,1.3794438
2299,0,1.1546326
2300,3,4.8577175
2301,2,1.2722746
2302,0,2.9859853
2303,1,1.9864703
2304,4,2.6284451
2305,1,0.9157576
2306,2,6.23124
2307,4,3.952497
2308,2,2.092415
2309,1,0.20171559
2310,0,0.0
2311,3,0.64223766
2312,0,1.4904488
2313,4,1.1732312
2314,1,2.1552289
2315,0,1.8674071
2316,3,3.4988592
2317,0,3.5038738
2318,3,5.1570435
2319,2,3.385623
2320,2,2.1724355
2321,30,15.390157
2322,209,209.33168
2323,2,1.8300191
2324,10,8.282951
2325,4,2.4635856
2326,1,4.5520115
2327,0,1.7320306
2328,0,1.9303762
2329,0,1.5989021
2330,1,2.291782
2331,0,2.0165288
2332,2,2.1374998
2333,4,2.016119
2334,1,1.9010775
2335,0,1.6070778
2336,0,1.9256535
2337,1,2.1849217
2338,1,1.8961492
2339,0,1.5920881
2340,0,1.2658372
2341,3,2.9532096
2342,2,2.020104
2343,1,1.7312167
2344,13,6.696249
2345,5,5.4557314
2346,1,2.1949663
2347,2,1.8413436
2348,1,1.6659073
2349,0,1.6198447
2350,1,2.568221
2351,0,1.60268
2352,0,2.5191236
2353,0,2.3070292
2354,1,1.511175
2355,0,1.6563736
2356,2,1.6331651
2357,1,2.9836845
2358,0,1.6059346
2359,2,2.648961
2360,0,1.989866
2361,3,5.922793
2362,1,2.0080986
2363,3,4.3622212
2364,0,1.3992647
2365,0,1.8886886
2366,3,6.2513204
2367,2,2.1906734
2368,0,2.3588052
2369,0,2.3251228
2370,0,4.092691
2371,1,3.0681186
2372,0,3.0982337
2373,0,2.8678606
2374,0,3.7774076
2375,1,1.8284998
2376,1,2.6358929
2377,1,3.1249588
2378,5,4.8998823
2379,5,2.623279
2380,0,2.8127995
2381,1,3.4420218
2382,0,4.079329
2383,0,1.5204725
2384,0,1.8231292
2385,0,4.001699
2386,1,1.9286493
2387,0,1.3275497
2388,2,6.291184
2389,0,1.3548167
2390,22,10.171296
2391,0,1.1564515
2392,1,2.7603583
2393,0,2.0543203
2394,1,1.025636
2395,0,1.0586871
2396,2,1.8528185
2397,1,1.1182877
2398,0,1.0873777
2399,0,1.0953401
2400,3,1.1851876
2401,0,1.0973818
2402,0,2.7049227
2403,1,1.0557165
2404,1,1.0609028
2405,1,1.0409
2406,0,1.0121068
2407,4,5.859528
2408,0,0.7346632
2409,1,0.807518
2410,0,1.0320309
2411,1,1.0068135
2412,3,1.0001315
2413,5,5.0358157
2414,1,1.0889046
2415,0,0.7636827
2416,0,1.2390034
2417,1,1.2544478
2418,1,1.2002027
2419,0,1.199443
2420,3,1.422978
2421,0,1.332876
2422,1,1.2728558
2423,0,1.542947
2424,1,1.3606192
2425,0,1.2865618
2426,0,1.2496015
2427,2,1.3810195
2428,0,2.3527346
2429,0,1.2580869
2430,0,1.3404547
2431,0,1.4369395
2432,0,1.3118738
2433,7,11.889264
2434,11,10.810134
2435,6,8.139063
2436,3,2.2441874
2437,0,3.1139464
2438,0,1.7892435
2439,3,5.44154
2440,12,7.179703
2441,0,1.9019165
2442,2,2.1511974
2443,4,5.5370784
2444,1,2.1269681
2445,1,2.9730363
2446,10,7.6757026
2447,3,4.7657013
2448,1,2.3472695
2449,7,5.7368436
2450,1,2.7419248
2451,1,1.3238808
2452,13,10.735814
2453,5,3.7230787
2454,5,9.085331
2455,1,0.97028077
2456,3,1.0143354
2457,0,0.8873856
2458,2,0.8777396
2459,0,0.90927535
2460,2,5.7741423
2461,0,1.1130822
2462,2,1.2878674
2463,3,4.348005
2464,4,3.719551
2465,3,2.609561
2466,1,2.1918118
2467,6,7.4988236
2468,5,7.592756
2469,1,1.9552922
2470,1,4.719904
2471,0,1.4598248
2472,0,3.074435
2473,15,7.2050934
2474,5,3.8066368
2475,3,1.169651
2476,1,1.0493007
2477,4,6.2924414
2478,0,1.0383041
2479,2,0.9075779
2480,2,1.089695
2481,2,1.105919
2482,0,0.9907352
2483,1,1.2687284
2484,1,1.1662196
2485,0,1.2656647
2486,3,4.3432064
2487,21,10.451373
2488,0,1.1384672
2489,0,1.2815473
2490,1,1.2562437
2491,1,1.2355609
2492,0,1.2287312
2493,5,2.9770126
2494,2,1.2386836
2495,2,1.4971765
2496,0,1.3713863
2497,3,1.6297544
2498,4,6.928566
2499,173,194.26537
2500,0,3.9975147
2501,0,2.1806314
2502,1,3.3634276
2503,4,3.941886
2504,4,7.4356213
2505,3,4.632117
2506,3,4.7339916
2507,1,2.7238145
2508,0,1.6962652
2509,3,5.395628
2510,1,2.7544672
2511,5,9.098746
2512,2,4.9955487
2513,1,2.6211123
2514,2,2.4494596
2515,0,1.896646
2516,2,2.6125107
2517,0,2.9376667
2518,4,8.632937
2519,4,7.53911
2520,0,1.4254105
2521,1,4.9768896
2522,1,2.6086314
2523,0,1.33053
2524,1,1.4591075
2525,2,3.425284
2526,1,1.3490345
2527,1,3.0039883
2528,1,1.2709302
2529,1,1.3420405
2530,7,8.07958
2531,4,4.455158
2532,0,2.1257915
2533,3,3.4682043
2534,0,2.6792204
2535,2,3.1384168
2536,0,2.0756993
2537,0,2.4606364
2538,2,8.69928
2539,2,2.369235
2540,0,2.0642936
2541,0,1.9492803
2542,4,5.7949085
2543,0,1.6689407
2544,1,2.3245661
2545,1,2.4020414
2546,1,2.459864
2547,2,2.2527072
2548,0,1.8951926
2549,0,2.6925433
2550,2,2.918765
2551,0,1.967488
2552,6,6.952924
2553,0,3.3783457
2554,4,8.0827675
2555,1,2.2505774
2556,3,8.311347
2557,7,8.974549
2558,0,1.7560377
2559,0,2.9065893
2560,3,2.9474516
2561,0,2.0528321
2562,64,72.22682
2563,0,0.47511184
2564,8,6.218534
2565,0,6.086772
2566,4,6.163755
2567,2,0.0
2568,0,1.248717
2569,2,1.7164624
2570,0,1.3886071
2571,0,1.269486
2572,2,2.719394
2573,2,0.6281098
2574,1,2.2625291
2575,0,1.2123224
2576,1,2.8951845
2577,1,0.09254861
2578,1,4.0315785
2579,1,1.6562886
2580,3,0.1412003
2581,2,1.9917712
2582,0,2.1300087
2583,0,0.0
2584,0,1.8743742
2585,1,2.1059947
2586,2,1.189236
2587,5,2.139317
2588,0,1.3713259
2589,0,0.4717083
2590,1,2.8847694
2591,1,2.00062
2592,0,1.9751333
2593,2,1.8753985
2594,1,2.9509168
2595,3,2.882084
2596,1,2.7632585
2597,4,6.3445363
2598,2,2.3062835
2599,1,2.6473231
2600,1,1.0549121
2601,0,1.2963212
2602,1,1.8324174
2603,3,3.7611852
2604,4,3.4889798
2605,0,1.5567099
2606,4,4.4430704
2607,2,2.1015759
2608,1,1.5440772
2609,1,1.6039057
2610,3,5.442797
2611,0,2.073285
2612,0,5.9371147
2613,2,2.3997126
2614,0,1.3215555
2615,6,3.7975216
2616,0,1.4285326
2617,1,1.0663793
2618,0,2.657971
2619,0,1.7228389
2620,2,2.5020077
2621,1,1.9602442
2622,3,2.3272586
2623,0,1.5602002
2624,3,2.8829565
2625,0,1.7274725
2626,0,1.2617904
2627,1,2.0432425
2628,1,4.93701
2629,1,5.4578023
2630,0,1.996069
2631,7,7.0832253
2632,0,1.2681391
2633,1,2.178864
2634,1,1.6039362
2635,2,5.6345634
2636,7,6.14144
2637,0,1.6837612
2638,12,8.198665
2639,2,2.0142162
2640,1,1.8620808
2641,1,2.4902225
2642,1,2.6963952
2643,4,4.9549885
2644,0,2.4760456
2645,2,3.4222224
2646,2,3.1191962
2647,0,1.5355424
2648,0,1.8859395
2649,0,1.7944334
2650,4,3.3717299
2651,0,2.0786426
2652,0,3.279091
2653,2,1.7464628
2654,0,1.983387
2655,3,5.8091908
2656,0,1.6495619
2657,2,1.4285247
2658,0,1.3978411
2659,0,1.9650879
2660,1,1.469628
2661,0,5.0540876
2662,0,2.397745
2663,4,4.596853
2664,2,1.0356002
2665,0,1.2214273
2666,1,4.0332966
2667,1,1.3346677
2668,3,1.971113
2669,0,0.92461604
2670,1,0.8843805
2671,4,1.5500929
2672,1,1.366893
2673,2,1.874668
2674,1,0.7953648
2675,0,0.8839977
2676,0,0.6335212
2677,0,1.3822975
2678,1,1.2685064
2679,5,5.821984
2680,0,0.95622456
2681,0,1.28741
2682,0,0.9353252
2683,0,0.9941356
2684,1,1.1781714
2685,0,1.0444328
2686,2,3.370368
2687,1,4.413073
2688,0,1.0392417
2689,2,2.2940524
2690,0,4.340732
2691,3,5.387419
2692,2,1.877115
2693,3,3.581643
2694,1,2.1604047
2695,1,3.6337
2696,1,2.3013515
2697,0,2.7202249
2698,3,3.3490477
2699,1,2.1559172
2700,2,5.978768
2701,3,4.604695
2702,16,15.589392
2703,0,2.656114
2704,1,5.882137
2705,0,1.975837
2706,6,3.9338102
2707,0,3.5653362
2708,2,2.8323903
2709,3,2.4429064
2710,0,1.6304021
2711,0,1.6238246
2712,0,4.9902434
2713,0,1.5400308
2714,3,3.7993565
2715,0,1.6778171
2716,0,0.12908852
2717,0,4.215688
2718,4,4.927504
2719,0,1.4861543
2720,0,1.3227243
2721,1,0.57673436
2722,0,0.46059322
2723,6,6.9486547
2724,3,2.6479044
2725,1,0.89367586
2726,3,0.7625113
2727,1,4.5077214
2728,2,1.4123131
2729,1,1.6627601
2730,0,1.0185441
2731,6,1.8050737
2732,3,1.0122708
2733,5,6.4040284
2734,3,3.2534385
2735,0,2.1052232
2736,1,0.7678021
2737,0,0.2256645
2738,0,0.86218154
2739,0,1.048278
2740,3,1.6340559
2741,1,1.3282617
2742,0,1.2381985
2743,5,2.3503304
2744,1,3.1966977
2745,7,6.8464036
2746,2,3.1704502
2747,2,2.7165823
2748,22,15.259022
2749,257,189.23325
2750,0,1.4563507
2751,13,7.604334
2752,2,1.8234935
2753,6,4.602257
2754,0,2.637288
2755,1,1.3041735
2756,0,1.3033175
2757,0,1.7228425
2758,0,1.3697959
2759,2,1.7403573
2760,2,1.7640326
2761,1,1.4318819
2762,0,1.4992504
2763,3,1.7410892
2764,0,1.865387
2765,1,1.5416297
2766,0,1.5928534
2767,1,1.6899694
2768,4,3.504556
2769,1,1.7763011
2770,2,2.0602946
2771,15,6.790551
2772,2,5.2416606
2773,3,1.8121322
2774,3,2.2038186
2775,1,1.9848032
2776,0,1.672999
2777,1,2.2095704
2778,1,1.6025913
2779,0,2.3438263
2780,4,2.1553032
2781,0,1.486179
2782,0,1.7728596
2783,0,1.5573738
2784,4,1.8192008
2785,0,1.6402941
2786,1,1.889488
2787,0,1.9058604
2788,4,4.899254
2789,0,1.9136282
2790,3,2.886714
2791,0,1.46277
2792,0,1.8227872
2793,4,4.1370535
2794,0,2.0286536
2795,1,1.93249
2796,0,1.9129441
2797,1,2.5696883
2798,1,2.3709226
2799,0,1.744809
2800,1,2.2665172
2801,4,3.732646
2802,1,1.6197983
2803,0,2.0859547
2804,1,1.8442698
2805,3,4.021761
2806,1,2.4575567
2807,1,2.088578
2808,1,3.4377015
2809,0,4.121972
2810,0,2.2373598
2811,0,2.6267457
2812,1,4.0018153
2813,1,2.7243512
2814,0,2.0626907
2815,1,5.8567095
2816,3,2.2532558
2817,15,12.880931
2818,0,1.8825393
2819,1,4.1166024
2820,0,2.7376401
2821,0,1.5582559
2822,0,1.5117054
2823,6,2.2082617
2824,0,1.4284489
2825,0,1.3153298
2826,0,1.1986828
2827,1,1.2958667
2828,1,0.99016654
2829,0,3.189982
2830,0,1.3975472
2831,0,0.8960792
2832,0,0.9885677
2833,0,1.6624911
2834,2,4.8893867
2835,1,1.3887794
2836,0,1.2880106
2837,0,0.9602486
2838,1,0.9501864
2839,0,1.1712989
2840,8,4.229137
2841,2,1.9495169
2842,3,1.778164
2843,1,1.2012511
2844,1,1.2025809
2845,0,1.1220647
2846,1,1.1152066
2847,0,1.5269946
2848,1,1.2863965
2849,0,1.2156191
2850,0,1.5178778
2851,2,1.315892
2852,2,1.2245046
2853,0,1.2044485
2854,3,1.3812294
2855,0,2.188166
2856,0,1.2293575
2857,2,1.3550446
2858,0,1.4656754
2859,0,1.3186501
2860,4,9.756484
2861,8,9.843756
2862,9,6.9719257
2863,0,2.9277725
2864,0,3.121005
2865,0,2.4165492
2866,0,4.517157
2867,4,6.373495
2868,0,2.0626342
2869,1,2.4813793
2870,8,3.8532739
2871,0,2.0460029
2872,2,3.3331141
2873,10,7.136682
2874,6,5.019261
2875,2,2.2674873
2876,2,6.1890044
2877,2,2.963137
2878,0,1.4256839
2879,9,9.984465
2880,3,3.9859242
2881,5,7.9333987
2882,1,1.3170085
2883,3,1.2687552
2884,1,1.3178055
2885,1,1.1694106
2886,1,0.95186096
2887,2,4.8671937
2888,0,0.91498554
2889,0,1.0530405
2890,3,4.655683
2891,0,4.3375635
2892,6,2.6251488
2893,3,2.155662
2894,6,5.9581366
2895,7,5.924166
2896,0,1.7213712
2897,1,4.0108943
2898,0,1.2006016
2899,1,2.8100085
2900,11,7.523467
2901,2,3.6045294
2902,0,1.4033219
2903,0,0.9566534
2904,5,5.055065
2905,1,0.8695401
2906,4,1.0365059
2907,0,1.6401894
2908,1,1.1016858
2909,3,1.1134791
2910,0,1.113561
2911,1,1.160245
2912,0,1.1142924
2913,2,3.8567958
2914,22,10.17064
2915,4,1.3574853
2916,0,1.1558512
2917,0,1.1927623
2918,0,1.2327683
2919,0,1.2674032
2920,5,3.228611
2921,2,1.3414792
2922,1,1.7448854
2923,3,1.4491372
2924,1,1.7319607
2925,11,7.2012963
2926,174,171.59268
2927,1,5.052867
2928,0,2.6510105
2929,0,4.2410355
2930,0,4.6755285
2931,3,8.149982
2932,4,4.7879972
2933,5,5.059113
2934,4,3.626339
2935,0,2.9917707
2936,4,4.605532
2937,2,3.3264894
2938,8,8.526957
2939,2,5.0255246
2940,1,3.1608915
2941,1,3.191144
2942,0,2.7677295
2943,1,3.28617
2944,1,3.3339815
2945,6,6.8833375
2946,4,4.1990747
2947,0,1.8224812
2948,5,4.0280886
2949,5,3.3707557
2950,1,1.5753407
2951,1,2.2042885
2952,0,3.6549878
2953,0,2.2599616
2954,1,3.479858
2955,1,2.1218295
2956,1,2.2467394
2957,1,4.7750297
2958,2,4.1589794
2959,0,2.1589704
2960,0,3.9506726
2961,0,2.3221831
2962,1,2.522719
2963,0,2.2043552
2964,0,2.2779472
2965,6,9.100728
2966,2,2.2751036
2967,0,2.239504
2968,0,2.259341
2969,10,6.534958
2970,0,2.1154113
2971,0,2.3996744
2972,1,2.461901
2973,2,2.4763913
2974,1,2.4843116
2975,0,2.3103583
2976,4,3.3867369
2977,3,3.4633179
2978,0,2.4448159
2979,3,6.3302035
2980,2,3.4633367
2981,8,5.7561765
2982,1,2.6400313
2983,2,5.2108426
2984,8,6.4851236
2985,0,2.1020265
2986,1,3.451364
2987,1,3.5956764
2988,0,2.689992
2989,61,79.99697
2990,0,0.9454862
2991,3,5.071891
2992,0,4.9329095
2993,4,5.0178285
2994,0,0.5949336
2995,0,1.8107008
2996,1,1.3584701
2997,0,1.1860383
2998,0,1.0391382
2999,2,2.2130692
3000,4,1.4132689
3001,0,1.6067158
3002,0,1.0657344
3003,1,2.0312219
3004,3,0.5178488
3005,2,3.7484894
3006,0,1.386234
3007,2,0.433105
3008,0,1.4989731
3009,2,1.553067
3010,0,0.0131139755
3011,1,1.4226818
3012,0,1.5537812
3013,1,1.2419298
3014,1,1.6112256
3015,0,1.2933216
3016,0,0.5438795
3017,0,1.9051034
3018,0,1.592279
3019,0,1.6489862
3020,1,1.5710713
3021,2,2.9111128
3022,2,2.830842
3023,1,2.682631
3024,2,5.3667564
3025,0,1.8491544
3026,0,2.3980575
3027,1,0.92968595
3028,2,1.2234113
3029,1,1.5634673
3030,0,3.6273255
3031,2,3.4861448
3032,0,1.5994939
3033,0,4.0690675
3034,1,2.1051962
3035,0,1.6182942
3036,2,1.6125104
3037,2,4.5362825
3038,0,1.7369812
3039,5,4.8559475
3040,0,1.9459397
3041,0,1.4296532
3042,2,3.744772
3043,1,1.211516
3044,0,0.9528248
3045,1,1.886454
3046,2,1.5481565
3047,0,1.8050122
3048,0,1.6905272
3049,2,2.147147
3050,1,1.4611902
3051,3,2.8675175
3052,0,1.5847552
3053,4,1.1291463
3054,2,1.5338683
3055,2,4.105943
3056,2,4.546024
3057,0,1.8090117
3058,2,7.1842146
3059,0,1.2380012
3060,0,1.5599363
3061,0,1.2932943
3062,2,4.64103
3063,6,5.6366286
3064,1,1.6674656
3065,9,6.9125385
3066,2,1.9470732
3067,0,1.7907352
3068,7,2.3450296
3069,1,2.4615707
3070,3,3.4880192
3071,1,2.3680155
3072,0,3.330708
3073,3,2.2944489
3074,1,1.5239534
3075,1,1.7781122
3076,0,1.5800486
3077,4,3.2611356
3078,1,1.8971133
3079,2,2.894031
3080,0,1.6124979
3081,1,1.8288487
3082,5,4.4612756
3083,0,1.79018
3084,0,1.3287461
3085,1,1.2993045
3086,2,1.7554014
3087,2,1.3746107
3088,2,4.5713296
3089,0,1.9216204
3090,1,4.3370337
3091,2,1.0178742
3092,0,1.1608434
3093,1,3.9180374
3094,0,1.2745016
3095,0,1.2772593
3096,2,0.93830806
3097,1,0.8826179
3098,2,1.4317296
3099,0,1.6083125
3100,2,1.5909963
3101,1,0.8178429
3102,0,0.9192897
3103,0,0.6793076
3104,0,1.0900011
3105,3,1.929162
3106,6,4.5707664
3107,1,0.99488044
3108,1,2.040848
3109,0,1.0738562
3110,0,1.224427
3111,1,1.690217
3112,0,1.3852887
3113,2,3.1019316
3114,2,3.9288921
3115,1,1.227141
3116,2,2.3238952
3117,2,4.6524653
3118,2,3.9534926
3119,1,1.567456
3120,0,4.33266
3121,0,1.2779162
3122,0,2.381077
3123,1,2.568162
3124,2,1.6148143
3125,0,2.2508128
3126,1,1.2682706
3127,4,5.821561
3128,0,3.354737
3129,16,15.814582
3130,2,1.8754933
3131,6,4.700215
3132,0,1.4618051
3133,2,4.133271
3134,2,2.966391
3135,4,2.1253376
3136,2,1.8179454
3137,0,1.3735583
3138,0,1.4349626
3139,1,4.3964014
3140,0,1.3970066
3141,4,3.3724494
3142,0,1.4953189
3143,1,0.31410563
3144,2,2.4258828
3145,1,4.4527144
3146,1,1.3386599
3147,1,1.2306209
3148,1,1.0631434
3149,0,0.77975106
3150,3,4.522226
3151,4,1.767376
3152,0,1.229762
3153,0,1.2373599
3154,6,4.4689198
3155,1,2.1069446
3156,2,1.4863931
3157,0,1.4242245
3158,1,2.297745
3159,2,1.8028948
3160,6,5.266323
3161,2,5.2368126
3162,2,3.021646
3163,0,1.2710874
3164,1,0.9565591
3165,1,1.5064956
3166,0,1.4403775
3167,3,1.7824906
3168,0,1.5698528
3169,0,1.5194954
3170,3,1.9617492
3171,1,2.107937
3172,5,7.435583
3173,1,2.0515292
3174,1,3.0239992
3175,10,13.531486
3176,201,179.7016
3177,0,1.0021234
3178,14,9.606033
3179,1,1.7012318
3180,5,4.0738964
3181,0,2.4368734
3182,2,0.75672364
3183,0,0.70966417
3184,0,1.2262113
3185,0,0.8070737
3186,2,1.1654493
3187,1,1.097078
3188,0,0.8514159
3189,0,0.7471073
3190,1,0.96565646
3191,0,1.1360282
3192,1,0.7333598
3193,0,0.76153946
3194,0,1.6038185
3195,1,2.2394562
3196,3,0.6778219
3197,0,1.0927413
3198,12,6.961441
3199,3,4.442548
3200,2,0.81549895
3201,2,1.2489477
3202,1,1.3613008
3203,1,1.2207867
3204,2,1.6063302
3205,0,1.335161
3206,3,1.7546837
3207,4,1.553643
3208,0,1.4712427
3209,1,1.865273
3210,1,1.5482597
3211,1,1.5037467
3212,0,1.7595341
3213,0,1.4129043
3214,1,1.6343834
3215,1,2.5837626
3216,1,1.5608201
3217,0,1.0050178
3218,0,1.4222325
3219,0,1.5201659
3220,3,3.8671374
3221,2,1.7467811
3222,0,1.6223031
3223,1,1.6348723
3224,1,0.93451476
3225,1,1.7289072
3226,0,0.5939329
3227,0,1.779495
3228,0,2.5560498
3229,2,1.6047407
3230,1,1.8055756
3231,0,0.38610697
3232,4,2.0630076
3233,2,1.8759632
3234,3,0.39809608
3235,0,2.6691635
3236,3,3.4797497
3237,1,3.304764
3238,1,3.330782
3239,2,3.2424245
3240,4,3.409246
3241,0,2.981368
3242,1,5.037751
3243,1,2.8661242
3244,14,13.493581
3245,0,2.5834007
3246,2,3.7645283
3247,0,2.2449338
3248,0,2.0053594
3249,0,1.9041047
3250,4,2.6145282
3251,1,1.7710912
3252,1,1.5947644
3253,0,1.3829551
3254,1,1.4623897
3255,1,1.0435681
3256,2,3.2165592
3257,0,1.5269618
3258,0,0.9243113
3259,1,0.9849266
3260,0,1.634338
3261,4,4.2565517
3262,2,1.3574517
3263,1,1.2590835
3264,1,0.78006524
3265,1,0.8482795
3266,2,1.0907936
3267,1,4.3271227
3268,2,1.8268464
3269,0,1.7171887
3270,1,1.084981
3271,1,1.0971972
3272,0,0.9403828
3273,0,0.94820297
3274,1,1.4955541
3275,0,1.2074076
3276,0,1.1122702
3277,1,1.4915072
3278,0,1.2399055
3279,1,1.1323266
3280,2,1.0076532
3281,0,1.2594894
3282,4,2.0193295
3283,1,0.9259892
3284,2,1.103072
3285,0,1.2780458
3286,0,1.0201414
3287,3,7.756633
3288,11,9.613592
3289,3,5.971868
3290,2,2.8388987
3291,1,3.3229406
3292,1,2.2816625
3293,1,3.1846328
3294,2,5.8213677
3295,0,2.072521
3296,0,2.369547
3297,2,3.5793967
3298,1,1.7768297
3299,1,2.790175
3300,12,6.4965477
3301,3,4.6145816
3302,1,1.7066858
3303,10,5.7883034
3304,1,2.0438058
3305,3,1.2607851
3306,10,10.326449
3307,2,2.9856632
3308,14,7.228212
3309,0,1.1705958
3310,0,1.1278559
3311,0,1.1583383
3312,0,1.1800795
3313,1,1.1402246
3314,3,2.7862706
3315,1,1.0834982
3316,3,1.2450712
3317,4,4.519305
3318,2,4.1163173
3319,4,3.4342327
3320,1,1.8755791
3321,4,6.138623
3322,5,6.4389896
3323,1,1.5286155
3324,2,4.280811
3325,0,1.0823842
3326,2,1.8052279
3327,8,8.016251
3328,0,2.484282
3329,0,1.048541
3330,0,1.0589904
3331,4,5.2377944
3332,0,1.1158495
3333,7,1.3167641
3334,0,1.3850816
3335,1,1.4212277
3336,2,1.5634015
3337,0,1.2879708
3338,1,1.6891574
3339,0,1.4210896
3340,8,2.5557454
3341,15,10.315816
3342,4,2.0298448
3343,0,1.1968331
3344,1,1.2768049
3345,0,1.3300574
3346,1,1.3641536
3347,3,2.0290842
3348,0,1.318753
3349,1,2.2692842
3350,2,1.4314224
3351,5,2.0956304
3352,8,5.8124967
3353,162,145.0929
3354,0,5.151459
3355,0,4.1300406
3356,3,5.151061
3357,1,5.173444
3358,5,6.3225594
3359,2,5.2796016
3360,3,5.461374
3361,1,4.8492184
3362,0,3.4314907
3363,5,5.6517673
3364,3,3.3515592
3365,12,6.0792503
3366,2,5.004816
3367,2,3.2234938
3368,0,3.1909206
3369,0,2.8933983
3370,1,3.427013
3371,2,3.5866895
3372,2,6.2453904
3373,6,4.498754
3374,0,1.7040854
3375,0,3.8341522
3376,1,3.7714515
3377,0,1.529777
3378,0,2.306263
3379,1,3.7044668
3380,1,2.4041262
3381,1,3.596407
3382,0,2.0637531
3383,2,2.089246
3384,3,4.1818805
3385,0,3.321424
3386,1,2.0599468
3387,5,5.4010262
3388,0,2.6828187
3389,0,3.9031
3390,0,2.7379065
3391,0,3.313223
3392,5,8.030423
3393,1,3.5251608
3394,0,3.2427697
3395,0,3.2625487
3396,1,6.572523
3397,0,3.1887422
3398,2,3.7810307
3399,2,3.9225311
3400,1,3.7927623
3401,0,3.6567802
3402,0,3.359808
3403,1,3.9027357
3404,2,3.9941301
3405,2,2.950722
3406,5,5.0069666
3407,1,3.954977
3408,5,5.360292
3409,0,3.1902826
3410,1,4.8197093
3411,9,5.7290993
3412,0,2.2320833
3413,0,4.07205
3414,2,4.0972786
3415,1,3.1956687
3416,66,78.70446
3417,0,1.3609238
3418,4,5.073907
3419,0,6.3460755
3420,8,6.421654
3421,1,1.1771777
3422,0,1.5651509
3423,1,0.9987724
3424,0,0.911222
3425,0,0.70252204
3426,1,1.4572092
3427,2,1.7758744
3428,1,1.3649006
3429,0,0.75064284
3430,2,1.4666156
3431,1,1.4053029
3432,1,3.2058692
3433,1,1.2408066
3434,2,1.2711834
3435,1,1.3851569
3436,0,1.3779476
3437,0,1.0456499
3438,0,1.2148372
3439,0,1.2827376
3440,2,2.1161869
3441,3,1.2022789
3442,0,0.98471606
3443,0,1.4690791
3444,0,1.3067518
3445,0,1.2211982
3446,0,1.2628686
3447,1,1.2516116
3448,2,2.9533062
3449,1,2.8252323
3450,0,2.660149
3451,8,4.940784
3452,1,1.6436212
3453,2,2.3413978
3454,1,1.3077046
3455,1,1.3982384
3456,0,1.3996762
3457,3,3.595738
3458,1,3.497796
3459,0,1.4767855
3460,1,3.6467252
3461,0,1.8862317
3462,0,1.2589927
3463,0,1.4772083
3464,1,3.908206
3465,1,1.6358532
3466,4,2.7259793
3467,0,2.0935843
3468,0,1.3270134
3469,8,3.4027195
3470,0,0.99693537
3471,0,0.93282497
3472,0,1.8852024
3473,2,1.4546118
3474,2,1.7064266
3475,1,1.5208571
3476,1,2.4006653
3477,0,1.4312313
3478,3,2.8452003
3479,0,1.2630887
3480,7,1.5782306
3481,1,2.3532276
3482,1,2.7849984
3483,3,3.913159
3484,0,1.4306434
3485,7,5.039414
3486,0,0.9937177
3487,0,2.1524541
3488,1,1.1415157
3489,5,4.235269
3490,5,5.796283
3491,1,1.2373848
3492,6,6.533446
3493,1,1.6214826
3494,0,1.3664613
3495,1,2.197898
3496,0,2.7691271
3497,6,3.7904701
3498,1,1.7338786
3499,1,3.533422
3500,0,1.9217272
3501,0,1.5625786
3502,0,1.5861642
3503,0,1.7237947
3504,2,3.9547286
3505,2,1.8501053
3506,4,2.2002978
3507,1,1.7670228
3508,0,1.893193
3509,5,3.6378736
3510,0,1.6386136
3511,1,1.547531
3512,1,1.5304823
3513,2,1.9288905
3514,0,1.5638641
3515,4,3.581542
3516,1,2.0584407
3517,1,3.5164204
3518,0,1.0808531
3519,0,1.2353753
3520,0,3.4088893
3521,1,1.3349588
3522,2,1.5481361
3523,1,0.95992863
3524,2,0.9149894
3525,1,1.4492131
3526,0,1.9063772
3527,1,1.7065758
3528,0,0.83892083
3529,1,0.9337558
3530,0,0.6886171
3531,0,0.9849196
3532,1,1.8959093
3533,4,4.0341477
3534,1,0.9899881
3535,4,1.8874102
3536,0,1.0106726
3537,0,1.1321955
3538,2,1.3020191
3539,1,1.0157287
3540,0,2.934657
3541,1,2.166558
3542,0,0.9588389
3543,0,1.4206669
3544,3,2.2109551
3545,3,4.2197275
3546,1,1.0145917
3547,1,2.1685514
3548,0,0.9291022
3549,0,1.5485616
3550,1,1.6176339
3551,0,1.0980079
3552,1,1.4533591
3553,2,0.860469
3554,1,4.0961995
3555,0,2.583609
3556,18,13.748149
3557,1,1.298275
3558,10,4.4876833
3559,0,0.9266793
3560,3,2.5724843
3561,0,2.2763472
3562,1,1.6166165
3563,0,1.4227688
3564,0,1.0472684
3565,0,1.1583725
3566,2,3.63199
3567,1,1.1669229
3568,5,2.8545012
3569,0,1.2289078
3570,1,1.0507376
3571,0,1.9190986
3572,4,5.0299315
3573,0,1.2049474
3574,0,1.1446286
3575,0,1.2431669
3576,1,0.9178259
3577,7,4.6069365
3578,1,1.7544341
3579,0,1.193306
3580,0,1.1834487
3581,4,5.6936216
3582,0,1.7239035
3583,1,1.59605
3584,0,1.4231279
3585,1,2.8818834
3586,1,1.4930252
3587,5,4.623251
3588,3,5.303569
3589,3,3.7334666
3590,0,1.2164204
3591,1,0.91303796
3592,2,1.4638987
3593,1,1.235153
3594,1,2.1011472
3595,2,1.4295647
3596,0,1.2751641
3597,0,1.7590744
3598,0,1.9192393
3599,1,6.9893684
3600,0,1.8147861
3601,0,3.7826428
3602,24,17.15989
3603,233,180.32368
3604,0,1.0341781
3605,17,12.173407
3606,1,1.2217622
3607,2,3.1822186
3608,0,1.8853555
3609,1,0.6951703
3610,0,0.54374284
3611,2,0.9103686
3612,0,0.69598794
3613,3,0.86574703
3614,4,0.80574137
3615,0,0.63193727
3616,0,0.5440692
3617,1,0.7198963
3618,0,0.87482715
3619,1,0.6186913
3620,1,0.56257164
3621,4,1.6061344
3622,4,2.7042336
3623,1,0.7236465
3624,1,0.68689674
3625,8,5.5640936
3626,9,4.2656193
3627,1,0.7400305
3628,0,0.72374046
3629,1,0.7453044
3630,2,0.88873154
3631,2,1.7010281
3632,1,0.9866956
3633,3,0.90372705
3634,2,0.79012144
3635,0,1.0670098
3636,1,1.0187246
3637,2,1.1217898
3638,2,1.2351034
3639,1,1.1910653
3640,1,1.3117987
3641,0,1.0722854
3642,5,2.6054661
3643,0,1.0876698
3644,1,1.3181443
3645,1,1.3010986
3646,1,1.2008117
3647,6,4.638189
3648,1,1.2989585
3649,0,1.1547852
3650,1,1.1603093
3651,3,1.0291401
3652,2,1.0964904
3653,0,0.7311194
3654,0,1.2180854
3655,3,1.3709161
3656,0,1.4026442
3657,0,1.4039376
3658,1,0.40802026
3659,0,1.3056684
3660,1,1.6967344
3661,1,0.5635488
3662,1,1.7124197
3663,0,3.3701437
3664,0,2.8980887
3665,1,4.0167193
3666,1,2.3128352
3667,2,4.019367
3668,0,2.7172356
3669,2,3.2996721
3670,0,2.9157548
3671,24,12.409112
3672,0,2.4289393
3673,1,3.0293875
3674,0,1.6094383
3675,1,1.7704413
3676,0,1.6522325
3677,1,2.797233
3678,1,1.5632455
3679,1,1.3891292
3680,0,1.2737882
3681,1,1.336353
3682,0,1.1140378
3683,3,2.3114753
3684,1,1.4308748
3685,1,1.0472583
3686,0,1.0768894
3687,1,1.6337868
3688,6,4.0554633
3689,2,1.2624816
3690,0,1.1794989
3691,0,0.9298252
3692,0,0.9630941
3693,0,1.0614295
3694,1,3.1135702
3695,1,1.6791918
3696,3,1.668427
3697,1,0.8515662
3698,0,0.84525865
3699,0,0.7604407
3700,0,0.74348694
3701,4,1.2277058
3702,0,0.860219
3703,0,0.77126026
3704,1,1.0945531
3705,0,0.8466801
3706,0,0.74978966
3707,0,0.71671295
3708,3,0.84990543
3709,1,1.6414752
3710,0,0.6764244
3711,4,0.7696542
3712,1,0.8570237
3713,0,0.7240375
3714,6,6.4315085
3715,9,8.610225
3716,3,4.7111554
3717,0,3.2298698
3718,1,3.9769793
3719,0,2.2197394
3720,1,3.442954
3721,9,4.7846794
3722,1,2.1154513
3723,0,2.421319
3724,6,4.2246866
3725,1,1.588736
3726,2,2.7228096
3727,8,6.027363
3728,4,4.689043
3729,5,1.0242345
3730,12,5.596838
3731,4,1.6961386
3732,0,1.1411201
3733,15,11.272071
3734,2,2.0154812
3735,10,5.8745527
3736,0,1.0373598
3737,0,0.9043648
3738,1,1.0784727
3739,1,1.127598
3740,1,1.1199148
3741,3,4.2233787
3742,1,0.7695481
3743,1,1.2827439
3744,1,4.5543885
3745,1,4.4920216
3746,3,3.90772
3747,2,2.8200397
3748,1,4.973288
3749,4,5.5151134
3750,0,1.7672378
3751,3,3.518313
3752,0,1.0496523
3753,2,2.04135
3754,8,7.2555385
3755,2,2.2777472
3756,0,1.2959869
3757,1,1.0591464
3758,4,4.7907376
3759,0,0.91406083
3760,2,1.4531474
3761,2,1.9970915
3762,0,1.2302599
3763,0,1.7017319
3764,1,1.1190073
3765,1,1.5012476
3766,2,1.2628937
3767,6,3.5364003
3768,19,9.44049
3769,1,1.7174925
3770,0,0.9504422
3771,2,1.0139952
3772,0,1.0767266
3773,0,1.1284177
3774,1,2.6019988
3775,0,1.0809726
3776,2,1.9440994
3777,3,1.2071722
3778,3,1.8047736
3779,6,5.8557925
3780,183,160.56998
3781,2,4.344407
3782,4,4.372571
3783,2,3.857113
3784,3,4.294932
3785,4,5.5531354
3786,3,4.7940173
3787,3,5.1137953
3788,2,5.2222366
3789,0,3.3480737
3790,3,4.4474072
3791,0,3.8658032
3792,10,7.5811095
3793,0,5.1524343
3794,4,3.398756
3795,0,3.2432137
3796,0,3.221066
3797,0,3.238348
3798,1,3.2642539
3799,6,7.045361
3800,4,5.6140356
3801,0,2.1604693
3802,4,4.8287835
3803,1,3.2745962
3804,1,1.983929
3805,0,2.6107817
3806,5,4.2482147
3807,0,2.597632
3808,0,3.9782186
3809,0,2.5413551
3810,1,2.6541293
3811,3,4.707959
3812,1,3.8335156
3813,0,2.537747
3814,3,4.0889087
3815,0,3.1691756
3816,1,3.9533129
3817,0,3.1472821
3818,0,3.4838772
3819,5,6.852452
3820,0,3.658175
3821,0,3.3578842
3822,0,3.3445163
3823,8,5.6081896
3824,0,3.3142548
3825,0,3.699429
3826,1,3.87717
3827,0,3.8256807
3828,0,3.6160636
3829,0,3.3849983
3830,0,3.7129784
3831,1,3.8761883
3832,0,3.3530567
3833,4,4.538548
3834,2,3.6583953
3835,9,5.462568
3836,0,3.551682
3837,2,4.7359953
3838,9,5.6915426
3839,0,2.937115
3840,1,3.9126887
3841,2,3.9028578
3842,2,4.027141
3843,65,76.52891
3844,1,1.2765023
3845,3,5.966658
3846,0,5.4077425
3847,5,5.4353065
3848,0,1.0087548
3849,0,1.626598
3850,0,1.0733689
3851,0,1.067973
3852,0,0.84849
3853,0,1.6700957
3854,2,1.9017533
3855,0,1.3560429
3856,0,0.8419751
3857,1,1.3665498
3858,1,1.4981849
3859,2,2.8334224
3860,2,1.2917988
3861,1,1.4388466
3862,2,1.34453
3863,0,1.3786391
3864,0,1.0240535
3865,1,1.3897558
3866,1,1.4242768
3867,0,1.8845888
3868,4,1.4678729
3869,0,1.0779358
3870,0,1.608494
3871,1,1.8563534
3872,0,1.6991795
3873,0,1.5689129
3874,0,1.4990207
3875,1,2.435886
3876,1,2.3984396
3877,3,2.5716949
3878,2,5.136978
3879,0,1.687704
3880,1,2.325855
3881,1,1.1315442
3882,0,1.4379532
3883,0,1.3190293
3884,1,3.4606683
3885,3,3.4656773
3886,0,1.5641378
3887,1,3.0543532
3888,2,1.7106817
3889,1,1.3583347
3890,3,1.213757
3891,0,2.8582792
3892,1,1.5413382
3893,3,2.4353657
3894,0,2.1526117
3895,1,1.07606
3896,4,2.8094258
3897,0,0.86487263
3898,0,0.8058935
3899,1,2.0075011
3900,1,1.1423008
3901,3,1.7872887
3902,1,1.2591417
3903,1,2.3903546
3904,1,1.4542198
3905,0,2.6751838
3906,0,1.1773447
3907,1,1.9941376
3908,0,2.3621964
3909,3,2.3442078
3910,1,3.560967
3911,1,1.1796786
3912,5,8.193052
3913,0,1.7363073
3914,1,2.482757
3915,0,1.944712
3916,1,3.6048193
3917,1,4.6894555
3918,0,1.7743288
3919,9,5.896631
3920,2,2.266706
3921,4,1.7210304
3922,1,2.9214635
3923,1,2.5757203
3924,1,3.2620397
3925,1,2.4928126
3926,0,3.0258827
3927,0,1.8296955
3928,0,1.7148912
3929,0,1.8317924
3930,1,1.7114514
3931,2,2.4576216
3932,1,1.761459
3933,4,3.249724
3934,1,1.7519873
3935,2,1.9147859
3936,3,3.644342
3937,1,1.7637306
3938,0,1.7317107
3939,0,1.7183714
3940,0,2.0012584
3941,1,1.8007929
3942,3,3.3551936
3943,1,1.9053175
3944,0,3.2532263
3945,3,1.3399671
3946,0,1.5115364
3947,0,2.7326646
3948,0,1.5837826
3949,1,1.4592506
3950,2,1.1287324
3951,0,1.0027461
3952,1,1.6936195
3953,1,1.7682233
3954,0,1.4618658
3955,1,0.89411896
3956,0,1.0195291
3957,0,0.72309977
3958,0,1.1126503
3959,0,2.1123896
3960,5,5.2394238
3961,0,1.0140558
3962,1,1.9004097
3963,0,1.0109146
3964,0,1.056652
3965,1,1.1810988
3966,2,0.9944911
3967,2,3.138653
3968,2,2.5013795
3969,0,0.8384618
3970,0,1.3895235
3971,2,2.4582384
3972,5,4.5142536
3973,1,0.93466616
3974,0,2.0131383
3975,0,0.8514971
3976,0,1.5721066
3977,1,1.1278725
3978,2,0.9624567
3979,1,1.363329
3980,0,0.7822833
3981,3,3.317739
3982,2,2.6020288
3983,16,16.06188
3984,1,1.0718673
3985,2,5.495884
3986,0,0.80731255
3987,1,1.8041725
3988,0,2.186925
3989,0,1.4488455
3990,0,1.3274016
3991,0,0.85170203
3992,0,0.9881813
3993,1,3.3501422
3994,1,1.0225816
3995,0,2.626481
3996,0,1.1276082
3997,1,0.923998
3998,1,1.7288792
3999,6,5.01907
4000,3,1.0404428
4001,0,0.9935404
4002,1,1.1293876
4003,0,1.0262046
4004,5,5.8814187
4005,3,1.4719863
4006,0,0.9940053
4007,0,0.97411466
4008,6,3.320002
4009,2,1.673443
4010,0,1.3526738
4011,0,1.120054
4012,4,2.430422
4013,1,1.4233527
4014,1,5.9320326
4015,4,3.105986
4016,2,2.495203
4017,1,1.1386632
4018,0,1.0285208
4019,3,1.446963
4020,0,0.9869874
4021,1,1.917765
4022,0,1.1122935
4023,0,1.0121167
4024,2,1.5370672
4025,0,1.602404
4026,2,5.3951454
4027,1,1.5380733
4028,0,2.4382365
4029,29,21.98917
4030,194,172.62589
4031,1,1.945159
4032,22,12.448903
4033,0,1.8632375
4034,3,3.90655
4035,0,1.556058
4036,1,1.4125696
4037,0,1.2116171
4038,1,1.5009406
4039,0,1.3364758
4040,0,1.4088479
4041,1,1.2713616
4042,0,1.293
4043,0,1.2345804
4044,1,1.1755843
4045,2,1.2793972
4046,0,1.2059249
4047,1,1.1433523
4048,0,1.6416864
4049,1,4.7617736
4050,3,1.1074238
4051,0,0.92857367
4052,7,6.436294
4053,3,4.5248637
4054,1,1.0618414
4055,0,0.9319759
4056,0,0.9825557
4057,2,1.2027701
4058,0,3.7099853
4059,0,1.1555353
4060,2,1.0990157
4061,0,1.0670027
4062,1,1.1018975
4063,0,1.1991323
4064,0,1.1616297
4065,0,2.4526834
4066,0,1.1974323
4067,0,1.4133
4068,0,1.3012799
4069,0,3.3662844
4070,0,1.3467436
4071,1,3.0266824
4072,0,1.1437639
4073,0,1.1445371
4074,4,3.7211423
4075,0,1.2031865
4076,0,1.4409231
4077,3,1.338332
4078,1,2.0099344
4079,2,1.5172873
4080,0,1.1148283
4081,1,1.5705603
4082,1,1.2135422
4083,0,1.3234998
4084,0,1.6321607
4085,1,0.86915934
4086,2,1.7786152
4087,1,1.5843663
4088,2,1.3265179
4089,4,1.4457802
4090,1,1.6812226
4091,0,1.8063475
4092,1,3.17029
4093,0,1.0751055
4094,3,3.6321526
4095,0,1.3913867
4096,4,3.9268446
4097,0,1.5984688
4098,7,13.048642
4099,0,1.3282695
4100,1,1.4674807
4101,0,0.8113189
4102,0,0.9855839
4103,0,0.91032225
4104,0,2.1072266
4105,1,1.0335412
4106,0,0.99529374
4107,0,0.8772239
4108,0,1.0963817
4109,1,0.8917391
4110,1,2.088502
4111,0,1.2290882
4112,0,0.9714828
4113,0,1.0492504
4114,1,1.5731548
4115,2,6.1098895
4116,2,1.2340348
4117,2,1.182568
4118,0,0.9712275
4119,0,1.0274198
4120,0,1.1174084
4121,3,3.3279123
4122,0,1.8899859
4123,1,1.8140166
4124,0,1.0125163
4125,0,0.99934125
4126,0,0.89876974
4127,1,0.8834113
4128,2,1.3213196
4129,0,1.0055013
4130,0,0.9034164
4131,1,1.2185428
4132,1,0.97840166
4133,0,0.8752891
4134,1,0.83426815
4135,3,0.9696933
4136,1,1.6841444
4137,0,0.78901976
4138,1,0.8863261
4139,1,0.9746677
4140,0,0.84067154
4141,5,5.626263
4142,6,6.0514126
4143,8,4.3781133
4144,1,2.7131674
4145,2,3.5093899
4146,0,1.3124061
4147,2,3.7063603
4148,8,3.6546035
4149,1,0.9702724
4150,2,1.2794735
4151,7,5.450294
4152,1,0.9238792
4153,1,1.7332375
4154,4,10.425136
4155,2,4.0722823
4156,1,0.89438593
4157,10,5.298563
4158,3,1.3433223
4159,0,0.87050426
4160,6,13.644284
4161,4,1.447169
4162,8,7.4406366
4163,0,0.8327848
4164,0,0.7417257
4165,1,0.9742552
4166,2,0.9866425
4167,1,0.95994717
4168,4,5.696255
4169,1,0.74896014
4170,0,0.93801975
4171,3,4.8175464
4172,1,4.6360307
4173,4,3.7754602
4174,0,2.824545
4175,1,5.32671
4176,3,5.3166046
4177,0,1.6152676
4178,2,3.4496334
4179,1,1.0520072
4180,1,2.3225698
4181,9,5.996798
4182,4,2.8944173
4183,0,0.99359316
4184,0,0.7319203
4185,5,4.7324557
4186,0,0.66693974
4187,1,1.2587216
4188,1,2.153757
4189,1,1.0392143
4190,3,1.6160862
4191,0,0.92084026
4192,0,1.3911254
4193,0,1.1779133
4194,4,5.190954
4195,15,13.3707285
4196,2,1.735806
4197,0,0.90631354
4198,0,1.0010064
4199,0,1.0622525
4200,0,1.1118362
4201,2,3.279138
4202,0,1.0698662
4203,1,2.0756779
4204,2,1.2085111
4205,1,1.9216846
4206,5,7.498835
4207,196,154.09776
4208,2,3.9803066
4209,2,3.4866319
4210,0,3.804072
4211,2,4.044503
4212,9,5.7882376
4213,3,4.1749587
4214,2,3.8060317
4215,3,3.8085623
4216,0,2.900547
4217,2,3.8602924
4218,1,3.5169802
4219,8,8.027675
4220,1,3.891841
4221,3,2.9729595
4222,0,2.8255272
4223,0,2.8231015
4224,0,2.855784
4225,1,3.0003207
4226,6,7.6252613
4227,5,5.381848
4228,0,2.4250364
4229,4,4.1952515
4230,1,2.8219297
4231,0,1.8939246
4232,1,2.4456992
4233,1,3.9782429
4234,0,2.488903
4235,1,3.9993262
4236,1,2.4999928
4237,0,2.76932
4238,1,5.6608458
4239,0,4.419179
4240,0,2.4990976
4241,0,3.5172338
4242,1,2.835196
4243,5,3.629918
4244,1,2.6880927
4245,3,3.111743
4246,8,5.8617334
4247,0,3.2129831
4248,0,3.0290089
4249,0,3.0441303
4250,6,3.7370858
4251,0,3.042016
4252,1,3.3269985
4253,1,3.4667788
4254,0,3.4270947
4255,0,3.3536496
4256,0,3.2030654
4257,3,3.4726534
4258,1,3.4418993
4259,2,3.1821933
4260,2,4.4540367
4261,6,3.2325187
4262,6,5.1858726
4263,0,3.1361325
4264,6,4.6007495
4265,12,5.460661
4266,0,3.0522423
4267,1,3.3848352
4268,2,3.3826272
4269,4,3.594396
4270,41,71.850174
4271,0,1.3619697
4272,1,7.927505
4273,0,8.031249
4274,3,8.081832
4275,0,1.2211381
4276,0,1.8323737
4277,0,1.1938764
4278,0,1.0882041
4279,0,0.88694215
4280,0,2.1253695
4281,0,2.069432
4282,0,1.7031815
4283,0,0.9329858
4284,2,2.1587472
4285,0,1.7331064
4286,1,3.3508744
4287,0,1.5038143
4288,0,1.6763455
4289,3,1.6913729
4290,0,1.7680231
4291,0,1.2683674
4292,0,1.5593259
4293,0,1.6902908
4294,0,1.9869177
4295,0,1.6894941
4296,0,1.0768661
4297,0,1.6392738
4298,0,2.2333813
4299,0,1.6583854
4300,0,1.4955153
4301,1,1.3984932
4302,0,2.4928303
4303,0,2.4346075
4304,2,2.4821968
4305,5,5.4579334
4306,0,1.5976999
4307,2,2.2103436
4308,1,1.1165252
4309,2,1.32829
4310,0,1.1845443
4311,3,3.3266883
4312,2,3.2600968
4313,0,1.4223328
4314,0,2.9933124
4315,0,1.669306
4316,1,1.1963586
4317,2,1.1587027
4318,0,4.992301
4319,1,1.5002025
4320,2,4.4642425
4321,1,2.0819302
4322,0,1.0450746
4323,2,3.6835012
4324,0,0.93008345
4325,0,0.77919817
4326,0,2.0256941
4327,2,1.1995894
4328,0,1.8240116
4329,2,1.2867482
4330,0,2.7364273
4331,0,1.5985621
4332,2,3.5868993
4333,1,1.3264903
4334,0,2.1224566
4335,0,2.3137693
4336,0,3.6004944
4337,0,4.4403143
4338,0,1.5437723
4339,7,6.0560627
4340,0,1.9416499
4341,0,2.6178129
4342,0,2.265554
4343,1,3.5083642
4344,2,3.7654781
4345,0,2.1647613
4346,4,5.268774
4347,1,2.6364756
4348,0,2.0204787
4349,1,3.156148
4350,1,2.038846
4351,0,2.3826354
4352,1,2.84899
4353,2,2.7362657
4354,0,1.735996
4355,0,1.547126
4356,0,1.7990208
4357,1,1.6451435
4358,1,2.8125253
4359,0,1.8485285
4360,0,3.5678263
4361,0,1.6705087
4362,0,1.9820478
4363,2,3.0110903
4364,0,2.1773124
4365,0,1.4717169
4366,0,1.4603572
4367,0,1.9328654
4368,1,1.5851028
4369,0,2.9504209
4370,2,1.9528289
4371,1,3.0479908
4372,0,1.1036234
4373,0,1.2583282
4374,1,2.4078722
4375,4,1.3030128
4376,2,2.3851929
4377,0,0.9582822
4378,2,0.87458795
4379,3,1.3985322
4380,1,2.1043339
4381,1,2.3990076
4382,0,0.8271773
4383,1,0.95702827
4384,0,0.66921246
4385,0,1.3013082
4386,1,2.2976513
4387,3,7.23941
4388,1,1.2552912
4389,1,2.1110537
4390,0,1.2237797
4391,0,1.2819254
4392,0,1.4182284
4393,0,1.0282822
4394,0,2.9861665
4395,1,2.6845737
4396,0,0.8746497
4397,0,1.4589171
4398,3,2.7969596
4399,2,4.4554367
4400,0,0.97828484
4401,1,2.364934
4402,0,0.8754246
4403,0,1.505805
4404,0,1.1540228
4405,3,1.0191345
4406,1,1.3401309
4407,0,0.71972454
4408,2,3.751472
4409,2,2.5021353
4410,10,15.778256
4411,0,1.1925238
4412,2,7.545816
4413,0,0.7861854
4414,2,1.8023996
4415,3,2.1680174
4416,0,1.5110642
4417,0,1.3874829
4418,0,0.88001335
4419,0,0.9846993
4420,0,3.6695442
4421,0,0.9905076
4422,2,2.8119469
4423,0,1.1771824
4424,0,0.80981404
4425,2,1.4695199
4426,2,6.013456
4427,0,0.92233
4428,0,0.8702117
4429,0,1.2864712
4430,0,1.0161225
4431,2,6.57603
4432,1,1.2862554
4433,0,0.85101575
4434,0,0.8275628
4435,1,4.486727
4436,1,2.1291645
4437,1,1.1376247
4438,0,0.9462636
4439,2,2.9976892
4440,1,1.7328763
4441,2,5.793992
4442,3,4.4795637
4443,1,2.919146
4444,1,1.3053194
4445,0,1.001339
4446,1,1.674421
4447,1,0.800301
4448,2,2.0541573
4449,0,0.8761266
4450,0,0.8111963
4451,1,1.2451873
4452,0,1.4252255
4453,2,5.249821
4454,2,1.3389568
4455,1,2.8269958
4456,16,24.113873
4457,157,174.03659
4458,0,2.4532144
4459,12,8.325046
4460,1,2.8092518
4461,2,3.148514
4462,0,1.4923664
4463,2,1.6207423
4464,0,1.3280877
4465,0,1.9645056
4466,0,1.6962855
4467,2,1.8217866
4468,1,1.6807563
4469,1,1.7498928
4470,1,1.4189553
4471,3,1.6623458
4472,0,1.7876769
4473,0,1.7500957
4474,0,1.5183283
4475,0,1.3853606
4476,4,3.2362847
4477,1,1.7300301
4478,1,1.6072559
4479,5,9.136682
4480,1,8.465188
4481,2,1.7813615
4482,0,1.6168962
4483,1,1.624945
4484,1,1.3905314
4485,2,3.7933517
4486,0,1.3112192
4487,2,1.613272
4488,0,1.6398091
4489,1,1.1799917
4490,0,1.4964263
4491,1,1.2646685
4492,0,2.366046
4493,0,1.3995891
4494,0,1.5289629
4495,0,1.5520769
4496,2,3.020648
4497,1,1.5245538
4498,0,2.8346632
4499,0,1.2177067
4500,0,1.1779083
4501,4,3.8763928
4502,0,1.7181491
4503,1,1.3767022
4504,0,1.2835891
4505,0,2.954926
4506,0,1.8153822
4507,0,1.3981656
4508,0,1.6173413
4509,2,1.9686611
4510,1,1.3914056
4511,0,1.3684676
4512,1,1.2771151
4513,2,2.0402513
4514,0,1.7392064
4515,0,1.8284009
4516,0,2.0721052
4517,1,1.1452074
4518,0,1.8042297
4519,0,2.7739158
4520,0,0.8692097
4521,1,3.1658144
4522,0,1.1629783
4523,2,4.5773892
4524,0,1.1288205
4525,13,13.408074
4526,0,0.86420864
4527,1,1.0652417
4528,0,0.71682566
4529,0,0.68189114
4530,1,0.6676115
4531,3,1.61802
4532,0,0.7181544
4533,0,0.7153721
4534,0,0.6853699
4535,4,0.7465862
4536,0,0.6414461
4537,2,1.8993233
4538,0,0.8147741
4539,0,0.6330133
4540,0,0.68476623
4541,4,1.1409698
4542,2,6.8604436
4543,2,0.915218
4544,2,0.9040974
4545,0,0.7368753
4546,0,0.80137855
4547,2,1.0290005
4548,5,3.3255897
4549,1,1.8234366
4550,0,1.767952
4551,0,1.0236936
4552,0,1.0199752
4553,1,0.89365846
4554,1,0.88347256
4555,0,1.7844367
4556,0,1.1024737
4557,0,0.9562583
4558,0,1.7143975
4559,0,1.1134403
4560,0,0.93529934
4561,0,0.90102464
4562,3,1.2008183
4563,0,1.7662778
4564,0,0.877463
4565,0,1.091927
4566,1,1.291006
4567,1,1.0141658
4568,1,7.7942486
4569,6,7.164709
4570,3,3.6927676
4571,1,2.6729941
4572,1,3.3600085
4573,0,1.1847248
4574,3,2.840763
4575,4,4.6180606
4576,0,0.88115263
4577,2,1.2361379
4578,2,5.260593
4579,1,0.924449
4580,3,2.0279012
4581,4,8.536134
4582,3,4.2672634
4583,0,0.9184586
4584,3,4.9225726
4585,3,1.2291435
4586,0,0.5766351
4587,9,9.193347
4588,2,1.6216921
4589,4,6.88583
4590,0,0.6062091
4591,1,0.5233354
4592,1,0.68886244
4593,1,0.7811671
4594,1,0.83838093
4595,2,4.3478665
4596,0,0.65728503
4597,2,0.9623976
4598,2,5.302091
4599,1,4.499023
4600,0,3.3110337
4601,1,2.0563898
4602,2,2.0595899
4603,5,2.758593
4604,1,1.5003722
4605,1,3.6546493
4606,1,0.9686659
4607,0,1.9656857
4608,6,12.793913
4609,2,2.7181334
4610,0,0.7775712
4611,0,0.7053593
4612,4,5.066942
4613,0,0.7180712
4614,0,1.2391422
4615,1,2.3036318
4616,3,1.0795552
4617,0,1.8184345
4618,1,0.9930632
4619,0,1.5533001
4620,0,1.2983792
4621,2,5.032848
4622,9,8.402913
4623,2,2.0351818
4624,0,1.0216773
4625,0,1.1453079
4626,0,1.2438729
4627,0,1.3203281
4628,2,4.1751347
4629,1,1.2801577
4630,1,2.2713823
4631,1,1.5229331
4632,4,2.1905243
4633,4,5.76971
4634,131,154.56058
4635,1,4.0683937
4636,0,2.5750315
4637,0,3.4837365
4638,1,3.8416314
4639,4,5.5091815
4640,1,4.3872747
4641,1,4.439047
4642,1,3.6654725
4643,0,2.4696941
4644,0,3.6843834
4645,1,3.1310816
4646,5,12.2069845
4647,1,3.769188
4648,1,2.8041298
4649,0,2.6759677
4650,0,2.6073737
4651,0,2.7190802
4652,1,2.9012942
4653,3,8.011234
4654,3,3.700385
4655,0,2.4175916
4656,1,3.7897463
4657,2,2.8257794
4658,1,2.216168
4659,0,2.7017825
4660,1,4.177172
4661,0,2.8248882
4662,2,4.2317924
4663,0,2.793295
4664,0,2.9324722
4665,2,4.422893
4666,2,3.536789
4667,0,2.4625194
4668,1,3.7279725
4669,0,2.8564696
4670,1,3.8145003
4671,0,2.540276
4672,2,2.864224
4673,4,6.4403143
4674,0,2.8399372
4675,0,2.5830283
4676,0,2.5622382
4677,3,3.8593435
4678,1,2.5805724
4679,0,2.9554262
4680,2,3.1366467
4681,0,3.1410568
4682,1,3.0920277
4683,0,2.977374
4684,2,3.298531
4685,0,3.3304873
4686,0,2.8320215
4687,5,3.8292646
4688,0,3.1038828
4689,4,4.9286394
4690,0,2.786721
4691,5,4.1013427
4692,2,5.104201
4693,0,2.6091866
4694,1,3.7018337
4695,4,3.8385425
4696,0,3.3969908
4697,31,55.93345
4698,1,1.216648
4699,3,7.6384473
4700,0,6.891996
4701,4,7.0771713
4702,0,1.0994072
4703,0,1.6917593
4704,0,1.0657573
4705,0,0.92486197
4706,0,0.7892216
4707,1,2.0023663
4708,0,2.0337822
4709,0,1.6271067
4710,0,0.8072719
4711,1,2.10011
4712,0,1.7858204
4713,1,3.1851878
4714,1,1.2582394
4715,1,1.6926992
4716,0,1.4512527
4717,0,1.5851395
4718,0,1.2239475
4719,0,1.2577322
4720,0,1.4707558
4721,0,1.9038973
4722,0,1.4943391
4723,0,0.84666324
4724,0,1.4990602
4725,0,2.174608
4726,1,1.6145246
4727,1,1.3235514
4728,0,1.2395262
4729,0,2.9983888
4730,0,2.8102856
4731,1,2.6648173
4732,1,5.7776394
4733,0,1.5573311
4734,2,2.3455667
4735,0,1.1200172
4736,0,1.3074006
4737,1,1.3240141
4738,1,4.747486
4739,1,4.376524
4740,0,1.4167993
4741,0,3.7028542
4742,1,1.7009162
4743,1,1.2383744
4744,0,1.4448481
4745,1,5.2396755
4746,0,1.501387
4747,1,5.4472814
4748,1,2.040625
4749,0,1.387285
4750,1,4.262694
4751,0,1.2797827
4752,0,1.1313832
4753,1,1.9746716
4754,2,1.6014514
4755,0,1.799909
4756,0,1.6698732
4757,0,3.6052942
4758,0,1.7032167
4759,1,4.3686357
4760,0,1.4502276
4761,1,2.0269554
4762,0,2.3417475
4763,1,3.1947875
4764,2,3.492899
4765,0,1.6702936
4766,1,4.989522
4767,0,1.8272407
4768,0,2.488216
4769,1,2.1301637
4770,2,4.3353167
4771,3,5.2704897
4772,1,1.9465066
4773,10,10.359177
4774,1,2.4727578
4775,1,1.7630874
4776,4,3.0442212
4777,1,1.8568808
4778,1,3.3994083
4779,1,2.8126712
4780,2,2.4437785
4781,1,2.393821
4782,0,1.1316805
4783,0,1.3996246
4784,0,1.2649314
4785,0,2.1189454
4786,0,1.517802
4787,3,3.9498582
4788,0,1.333086
4789,0,1.7062962
4790,1,5.274685
4791,0,1.8705612
4792,0,1.2160468
4793,0,1.1969817
4794,0,1.7102885
4795,0,1.2508686
4796,1,2.8541346
4797,2,1.667239
4798,4,3.0712423
4799,0,0.9320082
4800,1,1.0161077
4801,0,2.5595684
4802,0,1.064322
4803,2,1.7428274
4804,0,0.8251469
4805,2,0.79896164
4806,2,1.1622875
4807,0,1.8699596
4808,1,1.8144884
4809,0,0.7383284
4810,0,0.78514576
4811,0,0.6269789
4812,1,1.6669934
4813,0,2.5729055
4814,0,6.1574855
4815,1,1.4603791
4816,0,2.3105521
4817,0,1.2831385
4818,0,1.3517666
4819,1,1.3866692
4820,0,1.0100534
4821,1,2.808505
4822,3,2.500767
4823,0,0.865368
4824,1,1.1945239
4825,0,2.5967953
4826,1,3.9321952
4827,0,0.88190275
4828,1,2.2409644
4829,0,0.78845495
4830,0,1.2188915
4831,0,1.2337835
4832,1,0.9794701
4833,0,1.2386441
4834,0,0.70746595
4835,2,3.9529243
4836,0,2.3562093
4837,10,14.253758
4838,0,1.3094344
4839,1,8.281311
4840,0,0.92529285
4841,1,1.5905354
4842,0,2.2784243
4843,0,1.7633575
4844,0,1.6215526
4845,0,1.0495281
4846,0,1.1930294
4847,2,3.914235
4848,0,1.1884819
4849,2,3.2368884
4850,1,1.3325477
4851,1,0.9342119
4852,1,1.3031521
4853,4,5.314507
4854,0,0.87787914
4855,1,0.8182726
4856,1,1.2937768
4857,0,1.1731782
4858,2,8.263841
4859,0,1.193025
4860,0,0.803049
4861,0,0.7762408
4862,1,5.066858
4863,1,1.8807585
4864,0,1.0190779
4865,2,0.87550986
4866,0,2.8551586
4867,1,1.608998
4868,3,8.619633
4869,1,4.4491153
4870,3,2.7443345
4871,1,1.2781546
4872,1,1.0878044
4873,1,1.6759621
4874,0,0.7414497
4875,1,1.8636534
4876,0,0.8181361
4877,1,0.75393885
4878,1,1.0736037
4879,0,1.2248249
4880,3,6.615897
4881,1,1.145238
4882,0,2.5327456
4883,17,10.845048
4884,93,166.57101
4885,0,2.3503323
4886,2,8.659079
4887,0,2.4922378
4888,1,3.6396065
4889,0,1.5667655
4890,0,1.5789968
4891,0,1.1045716
4892,1,2.043652
4893,2,1.4546142
4894,1,1.911318
4895,0,1.7502598
4896,0,1.3710353
4897,0,0.94366443
4898,0,1.5693858
4899,0,1.9076706
4900,1,1.3695989
4901,0,0.9254416
4902,0,1.467203
4903,2,2.5045211
4904,2,1.6542406
4905,1,1.4296463
4906,12,11.510925
4907,5,6.367669
4908,1,1.6903837
4909,2,1.7697597
4910,0,1.48669
4911,0,0.9156339
4912,2,2.7538624
4913,0,0.8696967
4914,0,2.8263702
4915,0,2.2831578
4916,0,0.807124
4917,0,1.3139963
4918,0,0.8214118
4919,0,1.5839446
4920,0,1.1534554
4921,0,1.2897357
4922,1,0.88658226
4923,1,2.301098
4924,0,0.8719663
4925,1,1.8787447
4926,0,0.8563472
4927,0,0.7783066
4928,0,4.690439
4929,0,1.5305914
4930,0,0.859795
4931,2,0.8204453
4932,1,1.7547928
4933,0,1.264286
4934,0,0.89873004
4935,0,1.154468
4936,2,2.5649257
4937,0,1.1031437
4938,0,1.0053194
4939,1,0.9583669
4940,3,1.9161438
4941,1,1.4198749
4942,1,1.40091
4943,1,2.1278987
4944,1,0.9730167
4945,0,1.8233628
4946,0,2.9141946
4947,0,0.70298266
4948,1,3.0615985
4949,0,1.1248983
4950,2,4.096745
4951,1,0.915239
4952,14,9.289742
4953,0,0.620388
4954,1,0.89315885
4955,0,0.6074594
4956,0,0.443475
4957,0,0.4352702
4958,1,1.3694108
4959,0,0.48053145
4960,0,0.47899175
4961,0,0.4573176
4962,0,0.5403016
4963,0,0.48200977
4964,0,1.1102424
4965,0,0.6319111
4966,1,0.4640857
4967,0,0.5222135
4968,0,0.76402605
4969,1,4.1505504
4970,1,0.73842674
4971,0,0.72408336
4972,0,0.55742484
4973,0,0.6189169
4974,0,0.74114573
4975,1,1.8116313
4976,2,0.9850733
4977,0,0.94352937
4978,0,0.7393089
4979,0,0.75669116
4980,0,0.688759
4981,0,0.7007676
4982,0,1.235749
4983,0,0.85234886
4984,0,0.7547155
4985,0,1.2346041
4986,1,0.88762075
4987,0,0.8015897
4988,0,0.7808531
4989,0,0.9629301
4990,0,1.0043869
4991,0,0.85373366
4992,0,0.9681201
4993,0,1.0853251
4994,0,0.944756
4995,1,7.1471143
4996,3,7.6087575
4997,3,4.2580056
4998,0,2.979435
4999,0,3.7820482
5000,0,1.614188
5001,2,2.4076388
5002,3,4.8743963
5003,0,1.3873495
5004,0,1.8979592
5005,1,6.846839
5006,0,1.666049
5007,0,3.1243525
5008,6,4.906588
5009,1,5.219702
5010,1,0.936857
5011,3,5.6074104
5012,1,2.4891477
5013,1,0.93655753
5014,7,6.466909
5015,2,2.5922952
5016,3,4.562959
5017,0,0.5045655
5018,0,0.4498104
5019,0,0.58317053
5020,0,0.6909869
5021,2,0.75489926
5022,2,3.5454688
5023,0,0.5743392
5024,1,1.5773779
5025,1,4.731671
5026,1,3.9136982
5027,0,2.2175312
5028,0,1.3429763
5029,2,4.5788913
5030,2,4.912249
5031,0,1.0372231
5032,3,2.1004782
5033,0,0.7445595
5034,0,1.3886596
5035,5,8.151098
5036,0,1.9955282
5037,1,0.77212137
5038,0,0.7020344
5039,2,5.8030114
5040,0,0.69833034
5041,0,1.0545679
5042,1,1.9033964
5043,0,0.8347064
5044,1,1.3623489
5045,0,0.7575317
5046,1,1.0931914
5047,0,0.8764323
5048,2,4.1549325
5049,7,7.4138913
5050,0,1.6210109
5051,0,0.822649
5052,1,0.9038868
5053,0,0.99117076
5054,1,1.0793384
5055,1,3.4756136
5056,0,1.1855637
5057,2,2.2296295
5058,0,1.384723
5059,0,2.1975002
5060,5,5.57491
5061,102,155.09393
5062,1,4.0369315
5063,0,2.376847
5064,1,3.549975
5065,1,3.9251065
5066,1,6.5656657
5067,0,4.338717
5068,1,4.6627727
5069,1,3.7882504
5070,0,2.4744272
5071,1,4.7571507
5072,1,3.9368348
5073,10,11.502009
5074,1,4.1375213
5075,2,3.9264836
5076,1,3.6888747
5077,0,2.8731022
5078,2,3.6164474
5079,1,3.7081676
5080,4,7.7833233
5081,1,4.016189
5082,0,2.58951
5083,0,4.505414
5084,2,3.5742073
5085,0,2.3525538
5086,1,2.7619689
5087,1,4.5844254
5088,1,2.939795
5089,2,4.69243
5090,2,2.9757588
5091,0,2.8948631
5092,0,4.129156
5093,0,6.083344
5094,1,2.2663786
5095,1,3.7975254
5096,0,3.065387
5097,1,3.9899583
5098,0,2.4303522
5099,0,3.008721
5100,5,5.9731636
5101,0,2.9279666
5102,0,2.4755569
5103,0,2.398929
5104,1,4.9918737
5105,0,2.283586
5106,0,2.9320097
5107,0,3.2044578
5108,2,3.193322
5109,1,3.1433845
5110,0,2.854475
5111,1,3.769126
5112,0,4.2655706
5113,0,3.1339645
5114,4,4.2468915
5115,2,4.5979314
5116,6,5.738818
5117,0,3.251821
5118,2,4.7956214
5119,6,5.6696215
5120,0,2.5230432
5121,2,5.1925993
5122,3,5.3643017
5123,0,4.12442
